,Date,Pitcher,RelSpeed,SpinRate,Tilt,InducedVertBreak,HorzBreak,VertBreak,RelHeight,RelSide,VertApprAngle,HorzApprAngle,Inning,ZoneSpeed,ZoneTime,EffectiveVelo,SpeedDrop,Extension,PitcherThrows,Batter,TaggedPitchType,AutoPitchType,PitchCall,KorBB,TaggedHitType,PlayResult,VertRelAngle,HorzRelAngle,PlateLocHeight,PlateLocSide,HitSpinAxis,HangTime,Bearing,Distance,HitSpinRate,Direction,Angle,ExitSpeed
0,2023-02-03,"Hilton, Jake",88.73569,2190.979131,11:00,18.20155,-9.76162,-17.55847,5.25165,-1.09559,-5.481066,0.797849,1,80.81878,0.430398,87.57579,7.91691,5.83243,Left,"Doughty, Jacob",Fastball,Four-Seam,StrikeCalled,Undefined,Undefined,Undefined,-2.145807,2.546036,1.79095,0.45912,,,,,,,,
1,2023-02-03,"Hilton, Jake",89.08526,2409.825446,11:45,18.98391,-3.1011,-16.4069,5.176,-0.98946,-4.455414,1.73569,1,81.32634,0.42817,88.0314,7.75892,5.79157,Left,"Doughty, Jacob",Fastball,Four-Seam,StrikeCalled,Undefined,Undefined,Undefined,-1.332006,2.290501,2.56845,0.88398,,,,,,,,
2,2023-02-03,"Hilton, Jake",89.38612,2446.598691,11:15,17.66623,-5.84319,-17.62773,5.19447,-1.12671,-4.424234,2.121887,1,81.62108,0.427584,88.15213,7.76504,5.69885,Left,"Doughty, Jacob",Fastball,Four-Seam,StrikeSwinging,Strikeout,Undefined,Undefined,-1.0897,3.164287,2.70837,1.33804,,,,,,,,
3,2023-02-03,"Hilton, Jake",89.18275,2360.805178,11:30,19.01351,-5.49382,-16.59115,5.21578,-1.10842,-3.917766,0.656469,1,80.99327,0.429462,87.76662,8.18948,5.66841,Left,"Morrison, Aidan",Fastball,Four-Seam,StrikeCalled,Undefined,Undefined,Undefined,-0.752848,1.63778,3.1309,-0.03877,,,,,,,,
4,2023-02-03,"Hilton, Jake",89.02457,2436.409081,11:15,20.80792,-7.25559,-14.70706,5.21839,-1.05918,-4.395734,0.058943,1,80.80518,0.428921,87.87738,8.21939,5.8627,Left,"Morrison, Aidan",Fastball,Four-Seam,StrikeSwinging,Undefined,Undefined,Undefined,-1.55841,1.360051,2.54428,-0.40009,,,,,,,,
5,2023-02-03,"Hilton, Jake",89.8068,2332.419997,11:00,17.89249,-8.62548,-17.46139,5.16745,-1.2387,-5.238889,-0.867006,1,81.77431,0.427947,88.07735,8.0325,5.46546,Left,"Morrison, Aidan",Fastball,Four-Seam,BallCalled,Undefined,Undefined,Undefined,-1.944474,0.669153,1.89161,-1.33117,,,,,,,,
6,2023-02-03,"Hilton, Jake",90.13924,2397.265997,11:30,19.11253,-6.02847,-15.80143,5.18037,-1.09954,-5.173584,1.738144,1,82.03419,0.425276,88.63053,8.10505,5.65904,Left,"Morrison, Aidan",Fastball,Four-Seam,BallCalled,Undefined,Undefined,Undefined,-2.165681,2.813476,1.84056,1.02393,,,,,,,,
7,2023-02-03,"Hilton, Jake",75.44731,1524.22512,10:30,12.15209,-10.22182,-35.97896,5.06054,-1.21548,-6.953765,-0.602643,1,69.72342,0.499326,75.48664,5.72389,6.20489,Left,"Morrison, Aidan",ChangeUp,Changeup,StrikeSwinging,Strikeout,Undefined,Undefined,-0.249011,1.243928,1.8324,-0.91893,,,,,,,,
8,2023-02-03,"Hilton, Jake",87.88789,2280.212104,11:00,19.36139,-9.22729,-16.96863,5.13032,-1.05819,-5.49855,0.558796,1,80.13212,0.433815,86.88604,7.75577,5.8898,Left,"Warner, Dawson",Fastball,Four-Seam,FoulBall,Undefined,Undefined,Undefined,-2.26479,2.21356,1.61068,0.22925,,,,,,,,
9,2023-02-03,"Hilton, Jake",76.24265,1554.106505,10:00,8.14532,-13.00662,-39.14412,5.02023,-1.20788,-8.652027,-1.174933,1,70.91997,0.494941,76.15544,5.32267,6.05209,Left,"Warner, Dawson",ChangeUp,Changeup,BallCalled,Undefined,Undefined,Undefined,-1.440724,1.170985,0.42399,-1.20763,,,,,,,,
10,2023-02-03,"Hilton, Jake",87.78236,2179.047219,11:15,17.01005,-6.3454,-19.38466,5.09463,-1.24165,-5.752918,0.070387,1,80.19907,0.434201,86.80877,7.5833,5.84655,Left,"Warner, Dawson",Fastball,Four-Seam,BallCalled,Undefined,Undefined,Undefined,-2.094533,1.208451,1.53153,-0.64727,,,,,,,,
11,2023-02-03,"Hilton, Jake",87.20578,2271.433794,11:15,18.55225,-8.25725,-18.55092,5.14713,-1.07103,-4.10468,0.356177,1,79.63815,0.438406,85.97601,7.56763,5.62054,Left,"Warner, Dawson",Fastball,Four-Seam,FoulBall,Undefined,Undefined,Undefined,-0.596677,1.829703,3.04408,-0.05102,,,,,,,,
12,2023-02-03,"Hilton, Jake",75.97279,1617.444212,10:30,11.27674,-10.80528,-36.79006,5.05752,-1.1789,-7.942832,0.441921,1,69.71551,0.498992,75.53709,6.25728,6.14068,Left,"Warner, Dawson",ChangeUp,Changeup,StrikeSwinging,Strikeout,Undefined,Undefined,-1.093053,2.390977,0.98053,0.13156,,,,,,,,
22,2023-02-03,"Hilton, Jake",87.99084,2162.922091,11:15,15.73316,-6.25382,-20.92407,5.13801,-1.32512,-5.048003,0.146645,2,80.08856,0.435764,86.4974,7.90228,5.58641,Left,"Clogsdon, Aaron",Fastball,Four-Seam,StrikeCalled,Undefined,Undefined,Undefined,-1.117934,1.262682,2.35,-0.66696,,,,,,,,
23,2023-02-03,"Hilton, Jake",76.92649,1507.500258,10:45,11.45426,-7.5204,-35.76207,5.04951,-1.25797,-5.779292,0.745995,2,70.3335,0.494558,76.21432,6.59299,5.92709,Left,"Clogsdon, Aaron",ChangeUp,Changeup,FoulBall,Undefined,Undefined,Undefined,0.884906,2.095603,2.89104,0.06066,,,,,,,,
24,2023-02-03,"Hilton, Jake",75.98442,1582.152046,10:00,9.7067,-12.49701,-38.32443,4.98576,-1.42871,-6.860144,-1.150438,2,69.46358,0.498807,75.56513,6.52084,6.16683,Left,"Clogsdon, Aaron",ChangeUp,Changeup,BallCalled,Undefined,Undefined,Undefined,0.296295,1.105588,2.0658,-1.44878,,,,,,,,
25,2023-02-03,"Hilton, Jake",88.63659,2310.113469,11:30,15.47883,-3.19614,-20.43139,5.0664,-1.09412,-5.379762,3.311965,2,80.63093,0.431301,87.39243,8.00566,5.87944,Left,"Clogsdon, Aaron",Fastball,Four-Seam,BallCalled,Undefined,Undefined,Undefined,-1.52837,3.883276,1.94077,2.2515,,,,,,,,
26,2023-02-03,"Hilton, Jake",74.38968,1473.80821,10:30,9.96449,-9.4917,-40.5803,5.04894,-1.36212,-4.928556,-1.864698,2,67.74276,0.511693,73.6622,6.64692,5.98706,Left,"Clogsdon, Aaron",ChangeUp,Changeup,BallCalled,Undefined,Undefined,Undefined,2.64438,-0.159731,4.1199,-2.30114,,,,,,,,
27,2023-02-03,"Hilton, Jake",86.64961,2106.48395,11:30,15.99147,-3.4939,-21.21359,5.03077,-1.26318,-5.785676,1.221176,2,79.37107,0.439008,85.85818,7.27854,5.89362,Left,"Clogsdon, Aaron",Fastball,Four-Seam,BallCalled,Walk,Undefined,Undefined,-1.798198,1.848051,1.592,0.1621,,,,,,,,
28,2023-02-03,"Hilton, Jake",88.05374,2151.82867,11:00,13.59288,-6.2787,-22.8534,5.11946,-1.26816,-5.120439,0.749178,2,80.44957,0.434508,86.74733,7.60417,5.60964,Left,"Cissne, Riley",Fastball,Four-Seam,StrikeSwinging,Undefined,Undefined,Undefined,-0.854109,1.869728,2.41728,-0.04552,,,,,,,,
29,2023-02-03,"Hilton, Jake",87.668,2201.852392,10:45,13.28261,-9.35414,-23.68525,5.16565,-1.2532,-4.291313,0.044397,2,79.70625,0.437606,86.1332,7.96176,5.55584,Left,"Cissne, Riley",Fastball,Four-Seam,FoulBall,Undefined,Undefined,Undefined,0.137427,1.712031,3.32034,-0.43258,,,,,,,,
30,2023-02-03,"Hilton, Jake",75.97833,1520.669072,10:15,10.58382,-12.83776,-37.74707,4.94711,-1.27746,-6.184454,-0.664042,2,69.73868,0.500362,75.3304,6.23965,5.86732,Left,"Cissne, Riley",ChangeUp,Changeup,InPlay,Undefined,LineDrive,Out,0.822572,1.639281,2.56599,-0.82409,,3.748057,-14.117725,298.0155,1350.492317,-13.038246,25.292813,83.55422
31,2023-02-03,"Hilton, Jake",87.37098,2297.291758,11:15,20.58107,-8.65248,-16.78245,5.16598,-1.43215,-4.216378,0.024043,2,79.5807,0.439942,85.67597,7.79028,5.40526,Left,"Tanner, Elijah",Fastball,Four-Seam,StrikeSwinging,Undefined,Undefined,Undefined,-1.03029,1.562261,2.80161,-0.68901,,,,,,,,
32,2023-02-03,"Hilton, Jake",72.96501,2385.356098,4:30,-11.79768,12.7054,-65.62153,4.81886,-1.67572,-6.765904,1.044254,2,66.77722,0.52803,71.38312,6.18779,5.3117,Left,"Tanner, Elijah",Slider,Curveball,BallCalled,Undefined,Undefined,Undefined,5.13429,-1.207426,4.18356,-1.75042,,,,,,,,
33,2023-02-03,"Hilton, Jake",87.34334,2281.104294,11:00,18.90989,-9.25953,-18.12718,5.1413,-1.22395,-5.126127,1.743377,2,79.98051,0.438016,86.0527,7.36283,5.60347,Left,"Tanner, Elijah",Fastball,Four-Seam,StrikeCalled,Undefined,Undefined,Undefined,-1.707782,3.392185,2.03317,1.17483,,,,,,,,
34,2023-02-03,"Hilton, Jake",88.34246,2275.96022,11:00,16.81088,-9.6093,-19.26159,5.20483,-1.33867,-4.425549,1.436105,2,81.05368,0.432274,87.19566,7.28878,5.59958,Left,"Tanner, Elijah",Fastball,Four-Seam,InPlay,Undefined,GroundBall,Out,-0.810514,3.147687,2.84182,0.80219,329.761941,0.128647,0.699453,11.03271,,6.085612,-15.807723,48.12007
35,2023-02-03,"Hilton, Jake",70.82801,2311.076139,5:15,-19.01666,9.90941,-75.92606,5.01676,-1.29448,-10.462088,1.295187,2,64.94244,0.542955,69.42098,5.88557,5.52765,Left,"Dryden, Hunter",Curveball,Curveball,StrikeCalled,Undefined,Undefined,Undefined,3.324143,-0.475133,1.80076,-0.91288,,,,,,,,
36,2023-02-03,"Hilton, Jake",87.47979,2356.543602,10:45,17.79962,-11.643,-19.25796,5.17601,-1.36171,-3.925451,-0.729121,2,79.65549,0.438137,86.02889,7.82431,5.55023,Left,"Dryden, Hunter",Fastball,Four-Seam,StrikeSwinging,Undefined,Undefined,Undefined,-0.2885,1.346753,3.30151,-1.07325,,,,,,,,
37,2023-02-03,"Hilton, Jake",88.0376,2316.957427,11:30,19.46745,-5.07299,-16.67139,5.23202,-1.42862,-3.690311,0.679157,2,80.31868,0.432672,87.11554,7.71891,5.82893,Left,"Dryden, Hunter",Fastball,Four-Seam,StrikeSwinging,Strikeout,Undefined,Undefined,-0.507482,1.588009,3.37079,-0.37479,,,,,,,,
64,2023-02-03,"Hilton, Jake",85.34966,2205.912101,10:45,14.10438,-10.01894,-24.21797,5.11146,-1.17741,-5.140173,1.072236,3,78.07462,0.445551,84.59734,7.27504,5.92114,Left,"Ley, Cameron",Fastball,Sinker,StrikeCalled,Undefined,Undefined,Undefined,-0.597493,2.868782,2.53812,0.65209,,,,,,,,
65,2023-02-03,"Hilton, Jake",86.91453,2304.899001,11:00,19.39702,-11.13705,-17.93702,5.03748,-1.34593,-5.450181,0.527701,3,79.33426,0.439768,85.70976,7.58027,5.72519,Left,"Ley, Cameron",Fastball,Four-Seam,StrikeCalled,Undefined,Undefined,Undefined,-2.049672,2.518308,1.631,0.07306,,,,,,,,
66,2023-02-03,"Hilton, Jake",87.12467,2313.134834,10:45,14.84509,-9.82752,-21.99611,5.15979,-1.14665,-6.17651,0.711223,3,80.17046,0.436856,86.28115,6.9542,5.76704,Left,"Ley, Cameron",Fastball,Four-Seam,StrikeSwinging,Strikeout,Undefined,Undefined,-2.07234,2.469842,1.39548,0.33443,,,,,,,,
67,2023-02-03,"Hilton, Jake",87.58983,2275.804733,10:45,15.77147,-10.31044,-21.20052,5.15195,-1.30864,-5.438171,0.456029,3,79.76052,0.437631,86.1284,7.82931,5.6228,Left,"Paul, Austin",Fastball,Four-Seam,FoulBall,Undefined,Undefined,Undefined,-1.45789,2.296068,2.02336,-0.02403,,,,,,,,
68,2023-02-03,"Hilton, Jake",73.09763,2346.066622,4:45,-14.30753,13.23485,-68.76665,4.79993,-1.66859,-9.514782,4.159261,3,66.52282,0.531137,70.96555,6.57482,5.22647,Left,"Paul, Austin",Slider,Curveball,BallCalled,Undefined,Undefined,Undefined,2.93477,1.813431,1.83218,1.1397,,,,,,,,
69,2023-02-03,"Hilton, Jake",86.52972,2212.190386,11:30,18.0867,-3.66709,-19.74316,5.22753,-1.16419,-5.061639,1.856081,3,78.30773,0.442679,85.14626,8.22199,5.8337,Left,"Paul, Austin",Fastball,Four-Seam,StrikeCalled,Undefined,Undefined,Undefined,-1.308087,2.512585,2.36501,0.86719,,,,,,,,
70,2023-02-03,"Hilton, Jake",73.76805,2407.586478,4:00,-9.77071,18.30395,-62.892,4.71459,-1.80009,-8.083721,5.251337,3,66.68972,0.524573,71.85359,7.07832,5.54787,Left,"Paul, Austin",Slider,Curveball,BallCalled,Undefined,Undefined,Undefined,3.414596,1.994159,2.67025,1.58953,,,,,,,,
71,2023-02-03,"Hilton, Jake",74.06491,2516.290697,4:45,-17.10588,13.65391,-70.34094,4.80979,-1.68187,-10.610405,4.727006,3,67.48264,0.525134,71.77679,6.58227,5.19067,Left,"Paul, Austin",Slider,Curveball,BallCalled,Undefined,Undefined,Undefined,2.079956,2.306285,0.90718,1.62672,,,,,,,,
72,2023-02-03,"Hilton, Jake",87.55908,2236.753664,11:30,21.07974,-4.98733,-15.91698,5.21458,-1.16612,-4.31995,1.484375,3,79.27044,0.437777,86.09962,8.28864,5.74854,Left,"Paul, Austin",Fastball,Four-Seam,FoulBall,Undefined,Undefined,Undefined,-1.258725,2.375818,2.7151,0.63141,,,,,,,,
73,2023-02-03,"Hilton, Jake",69.41355,2265.027302,4:30,-16.51434,16.58867,-77.83205,5.05351,-1.28901,-6.06259,2.93575,3,61.82123,0.563591,66.87903,7.59232,5.35297,Left,"Paul, Austin",Curveball,Curveball,BallCalled,Undefined,Undefined,Undefined,8.091463,0.004887,6.20734,0.09796,,,,,,,,
74,2023-02-03,"Hilton, Jake",86.45556,2185.680929,10:45,14.63942,-10.94835,-23.22946,5.15167,-1.07518,-6.679712,0.282321,3,78.81186,0.442907,85.10237,7.6437,5.7228,Left,"Paul, Austin",Fastball,Four-Seam,BallCalled,Walk,Undefined,Undefined,-2.336144,2.240911,1.03703,0.1008,,,,,,,,
75,2023-02-03,"Hilton, Jake",85.50071,2258.327013,10:45,16.80839,-10.68146,-22.10336,5.28352,-1.18904,-5.113859,0.43025,3,77.42597,0.448964,83.95423,8.07474,5.68061,Left,"Doughty, Jacob",Fastball,Four-Seam,InPlay,Undefined,Bunt,Single,-0.942119,2.338184,2.56254,0.10166,357.871798,0.150551,22.862531,13.38373,,37.866517,-14.268432,42.12348
76,2023-02-03,"Hilton, Jake",70.77925,2565.827038,5:00,-18.99517,11.41753,-76.76276,5.08689,-1.28988,-11.369571,3.790326,3,64.48071,0.547033,68.90341,6.29854,5.46241,Left,"Morrison, Aidan",Curveball,Curveball,BallCalled,Undefined,Undefined,Undefined,2.551801,1.753447,1.08115,1.3033,,,,,,,,
77,2023-02-03,"Hilton, Jake",74.11246,1479.192399,10:00,11.15158,-14.69867,-39.2649,5.03375,-1.24234,-7.16451,-0.897559,3,67.64545,0.511043,73.75585,6.46701,6.2694,Left,"Morrison, Aidan",ChangeUp,Changeup,StrikeSwinging,Undefined,Undefined,Undefined,0.19025,1.760382,1.93716,-0.84381,,,,,,,,
78,2023-02-03,"Hilton, Jake",75.28021,1529.481102,10:15,12.02721,-14.06312,-37.07872,5.03562,-1.26064,-8.069987,0.039319,3,68.78898,0.504357,74.73359,6.49123,6.18216,Left,"Morrison, Aidan",ChangeUp,Changeup,BallCalled,Undefined,Undefined,Undefined,-1.146274,2.577777,0.88601,-0.05057,,,,,,,,
79,2023-02-03,"Hilton, Jake",87.77735,2218.747415,11:00,18.07635,-10.18666,-18.74158,5.17143,-1.21736,-5.887921,0.209368,3,79.56101,0.436718,86.30842,8.21634,5.77552,Left,"Morrison, Aidan",Fastball,Four-Seam,StrikeSwinging,Undefined,Undefined,Undefined,-2.330542,2.032965,1.43845,-0.17372,,,,,,,,
80,2023-02-03,"Hilton, Jake",86.65621,2326.513969,11:00,19.08808,-10.15788,-18.81721,5.16828,-1.13426,-4.504715,1.125915,3,78.01096,0.44312,85.06145,8.64525,5.81695,Left,"Morrison, Aidan",Fastball,Four-Seam,StrikeSwinging,Strikeout,Undefined,Undefined,-0.901954,2.943172,2.76036,0.75822,,,,,,,,
81,2023-02-03,"Hilton, Jake",74.82676,1506.821408,10:15,12.53946,-15.60363,-36.62907,5.0156,-1.29012,-7.20435,0.231837,3,68.67074,0.504679,74.686,6.15602,6.30344,Left,"Warner, Dawson",ChangeUp,Changeup,InPlay,Undefined,GroundBall,Single,-0.348847,3.051835,1.64132,0.22392,,0.127005,-23.895034,19.405,,-26.477689,-5.829508,92.46907
82,2023-02-03,"Hilton, Jake",86.74206,2303.020355,11:00,19.53989,-11.27229,-18.12655,5.13095,-1.34913,-5.378717,0.075615,3,78.41159,0.441722,85.33076,8.33047,5.8436,Left,"Clogsdon, Aaron",Fastball,Four-Seam,FoulBall,Undefined,Undefined,Undefined,-1.912429,2.095816,1.84127,-0.33991,,,,,,,,
83,2023-02-03,"Hilton, Jake",86.20483,2299.535995,11:30,18.56013,-5.51737,-20.09009,5.29042,-1.33075,-2.711199,0.634915,3,77.32148,0.447453,84.23776,8.88335,5.60021,Left,"Clogsdon, Aaron",Fastball,Four-Seam,BallCalled,Undefined,Undefined,Undefined,1.123097,1.618843,4.6653,-0.27881,,,,,,,,
84,2023-02-03,"Hilton, Jake",84.86161,2147.517367,11:00,17.55623,-9.96245,-22.32206,5.21244,-1.26993,-4.380162,-0.482429,3,76.65537,0.454506,82.93056,8.20624,5.44777,Left,"Clogsdon, Aaron",Fastball,Four-Seam,InPlay,Undefined,Popup,Out,-0.17155,1.29045,3.19161,-0.89175,,,,,,57.36419,77.433964,92.9987
99,2023-02-03,"Hilton, Jake",85.91181,2076.416957,11:00,15.4606,-9.0189,-22.94989,5.12969,-1.26021,-5.448763,1.049635,4,78.14064,0.446063,84.50023,7.77117,5.67846,Left,"Cissne, Riley",Fastball,Four-Seam,FoulBall,Undefined,Undefined,Undefined,-1.141686,2.66004,2.15161,0.46973,161.452575,,,,,93.29225,72.037794,76.22059
100,2023-02-03,"Hilton, Jake",86.13716,2106.488222,11:30,16.15698,-4.93173,-22.22147,5.14449,-1.3547,-3.102071,0.697558,4,77.84675,0.445877,84.53549,8.29041,5.63359,Left,"Cissne, Riley",Fastball,Four-Seam,BallCalled,Undefined,Undefined,Undefined,1.095757,1.57767,4.31555,-0.29334,,,,,,,,
101,2023-02-03,"Hilton, Jake",73.22097,1421.962338,10:00,8.26989,-13.22272,-44.6303,5.12941,-1.11775,-6.152117,-2.144508,4,66.70861,0.52348,72.00361,6.51236,5.64868,Left,"Cissne, Riley",ChangeUp,Changeup,BallCalled,Undefined,Undefined,Undefined,2.104369,0.217244,3.37394,-2.01701,,,,,,,,
102,2023-02-03,"Hilton, Jake",85.33987,1998.925393,11:15,13.60115,-4.94898,-25.45556,5.14472,-1.13518,-5.353111,0.49506,4,77.49246,0.4498,83.79827,7.84741,5.60359,Left,"Cissne, Riley",Fastball,Cutter,FoulBall,Undefined,Undefined,Undefined,-0.594923,1.378498,2.46787,-0.26049,,,,,,,,
103,2023-02-03,"Hilton, Jake",86.17559,2182.763693,10:30,13.72946,-12.61257,-24.44643,5.08678,-1.1602,-6.061571,0.333293,4,78.6172,0.444699,84.75952,7.55839,5.61922,Left,"Cissne, Riley",Fastball,Sinker,StrikeCalled,Strikeout,Undefined,Undefined,-1.503385,2.584127,1.6448,0.20203,,,,,,,,
104,2023-02-03,"Hilton, Jake",73.40473,1377.861997,9:15,4.0911,-12.90981,-47.36503,4.93581,-1.3738,-8.079068,-1.558376,4,67.67782,0.516285,73.00697,5.7269,6.01166,Left,"Tanner, Elijah",ChangeUp,Changeup,BallCalled,Undefined,Undefined,Undefined,0.666533,0.766914,1.60629,-1.7391,,,,,,,,
105,2023-02-03,"Hilton, Jake",85.36375,2213.979507,11:15,17.96588,-7.59741,-20.76107,5.10188,-0.84838,-4.482971,1.374258,4,77.38032,0.447897,84.15428,7.98344,5.85632,Left,"Tanner, Elijah",Fastball,Four-Seam,BallCalled,Undefined,Undefined,Undefined,-0.540026,2.734644,2.86946,1.06123,,,,,,,,
106,2023-02-03,"Hilton, Jake",85.11933,2221.625847,10:30,15.43615,-13.95237,-23.46545,5.06014,-0.95358,-6.859757,-0.267596,4,77.63933,0.448906,83.96516,7.48,5.83011,Left,"Tanner, Elijah",Fastball,Sinker,BallCalled,Undefined,Undefined,Undefined,-2.462246,2.233714,0.8127,-0.03882,,,,,,,,
107,2023-02-03,"Hilton, Jake",84.94401,2136.851104,10:30,13.99997,-13.80666,-25.66273,5.18117,-1.05107,-7.386521,-1.81702,4,77.58547,0.453276,83.15563,7.35854,5.41382,Left,"Tanner, Elijah",Fastball,Sinker,BallCalled,Walk,Undefined,Undefined,-2.639743,0.641589,0.5677,-1.60053,,,,,,,,
108,2023-02-03,"Hilton, Jake",70.8139,1302.57741,10:15,9.32083,-9.07437,-46.9627,5.15377,-1.15891,-5.581962,-1.425615,4,64.62085,0.539961,69.8059,6.19306,5.72484,Left,"Dryden, Hunter",ChangeUp,Changeup,BallCalled,Undefined,Undefined,Undefined,3.117052,0.196116,4.14635,-1.73244,,,,,,,,
109,2023-02-03,"Hilton, Jake",84.81637,2224.783318,10:45,16.48111,-11.40008,-23.26812,5.18784,-1.11388,-4.593501,-0.244554,4,76.98729,0.45377,83.0651,7.82908,5.44262,Left,"Dryden, Hunter",Fastball,Four-Seam,StrikeSwinging,Undefined,Undefined,Undefined,-0.23018,1.783591,3.0332,-0.39331,,,,,,,,
110,2023-02-03,"Hilton, Jake",85.19903,2171.885494,10:30,15.41796,-13.75875,-24.06556,5.18808,-1.16251,-4.443169,-0.943794,4,77.10446,0.452251,83.34409,8.09457,5.45296,Left,"Dryden, Hunter",Fastball,Sinker,FoulBall,Undefined,Undefined,Undefined,0.069592,1.504932,3.24779,-0.8999,,,,,,,,
111,2023-02-03,"Hilton, Jake",85.56147,2019.564181,11:30,13.55812,-4.1452,-24.81482,5.18832,-1.09833,-4.594359,1.202242,4,78.32569,0.445845,84.54158,7.23579,5.69748,Left,"Dryden, Hunter",Fastball,Cutter,StrikeSwinging,Strikeout,Undefined,Undefined,0.03811,1.942917,3.15596,0.3675,,,,,,,,
112,2023-02-03,"Hilton, Jake",86.8235,2177.803389,11:30,15.06973,-4.3824,-22.36198,5.24809,-1.03536,-3.591837,0.582908,4,78.97439,0.440343,85.59785,7.8491,5.70797,Left,"Ley, Cameron",Fastball,Four-Seam,StrikeSwinging,Undefined,Undefined,Undefined,0.616353,1.366335,3.95904,-0.1273,,,,,,,,
113,2023-02-03,"Hilton, Jake",85.99427,2037.320151,11:30,15.19721,-4.66827,-23.02958,5.3012,-1.01177,-3.816139,0.795916,4,78.07628,0.444995,84.703,7.91799,5.7203,Left,"Ley, Cameron",Fastball,Four-Seam,StrikeSwinging,Undefined,Undefined,Undefined,0.520221,1.630472,3.86686,0.11838,,,,,,,,
114,2023-02-03,"Hilton, Jake",86.80117,2165.962859,11:30,17.18202,-3.43717,-20.64639,5.31063,-0.98426,-1.632492,-0.063621,4,78.22525,0.44267,85.14786,8.57593,5.66361,Left,"Ley, Cameron",Fastball,Four-Seam,BallCalled,Undefined,Undefined,Undefined,2.290217,0.550226,5.72691,-0.7576,,,,,,,,
115,2023-02-03,"Hilton, Jake",71.77808,2498.930089,4:15,-11.79631,16.5282,-67.77744,4.72141,-1.56343,-7.198025,2.05082,4,65.50992,0.538508,69.9942,6.26816,5.23873,Left,"Ley, Cameron",Slider,Curveball,BallCalled,Undefined,Undefined,Undefined,5.088968,-0.875032,3.86956,-1.00858,,,,,,,,
116,2023-02-03,"Hilton, Jake",83.95398,2026.790713,11:45,16.74737,-2.79414,-23.52013,5.12302,-1.12159,-2.575058,-0.054267,4,75.93882,0.456719,82.52879,8.01516,5.6864,Left,"Ley, Cameron",Fastball,Four-Seam,BallCalled,Undefined,Undefined,Undefined,1.869591,0.444994,4.90629,-0.93965,,,,,,,,
117,2023-02-03,"Hilton, Jake",85.40791,2194.790594,11:15,18.44666,-6.03563,-20.39438,5.06201,-1.0621,-6.032413,1.219118,4,77.85072,0.448556,84.03059,7.55718,5.67517,Left,"Ley, Cameron",Fastball,Four-Seam,BallCalled,Walk,Undefined,Undefined,-2.189987,2.297118,1.31817,0.57763,,,,,,,,
118,2023-02-03,"Hilton, Jake",85.1369,2211.697924,11:15,17.02895,-5.95083,-21.88092,5.15176,-0.95857,-3.897959,0.987265,4,77.52921,0.448953,83.95626,7.60769,5.71136,Left,"Paul, Austin",Fastball,Four-Seam,BallCalled,Undefined,Undefined,Undefined,0.228253,2.050595,3.54114,0.45677,,,,,,,,
119,2023-02-03,"Hilton, Jake",84.26358,2101.637622,11:00,18.32737,-8.99603,-21.67966,5.16943,-1.02842,-5.623361,-0.075788,4,76.58906,0.455239,82.79704,7.67452,5.63463,Left,"Paul, Austin",Fastball,Four-Seam,StrikeCalled,Undefined,Undefined,Undefined,-1.53657,1.530949,1.92834,-0.3494,,,,,,,,
120,2023-02-03,"Hilton, Jake",85.79809,2242.579323,11:30,20.24281,-4.46138,-18.3582,5.18187,-1.07937,-3.100448,1.181496,4,77.60821,0.447168,84.29145,8.18989,5.67252,Left,"Paul, Austin",Fastball,Four-Seam,BallCalled,Undefined,Undefined,Undefined,0.408634,1.977993,4.03324,0.3937,,,,,,,,
121,2023-02-03,"Hilton, Jake",84.48579,2100.076323,11:45,19.82084,-3.19087,-19.69194,5.12345,-0.97666,-3.538404,1.601982,4,76.47382,0.452418,83.31325,8.01197,5.87393,Left,"Paul, Austin",Fastball,Four-Seam,StrikeSwinging,Undefined,Undefined,Undefined,0.225502,2.173659,3.69206,0.77731,,,,,,,,
122,2023-02-03,"Hilton, Jake",85.40619,2029.81262,11:00,16.49438,-7.52922,-22.201,5.06401,-0.86052,-5.251792,1.146599,4,77.81056,0.447714,84.18859,7.59563,5.74092,Left,"Paul, Austin",Fastball,Four-Seam,FoulBall,Undefined,Undefined,Undefined,-1.074907,2.492599,2.21199,0.83444,,,,,,,,
123,2023-02-03,"Hilton, Jake",72.24504,2324.720441,4:15,-7.33485,12.62717,-61.97952,4.63566,-1.36269,-7.750519,4.795969,4,65.6891,0.532041,70.84495,6.55594,5.74176,Left,"Paul, Austin",Slider,Curveball,FoulBall,Undefined,Undefined,Undefined,3.615106,2.542987,2.84457,2.05893,,,,,,,,
124,2023-02-03,"Hilton, Jake",69.83922,2065.006352,4:15,-10.54438,14.31666,-69.61874,4.7516,-1.39363,-8.325202,2.960422,4,63.65053,0.553186,68.13706,6.18868,5.36771,Left,"Paul, Austin",Curveball,Curveball,InPlay,Undefined,Popup,Out,4.340782,0.417986,3.02806,0.19135,,,,,,5.105818,58.888527,78.74765
136,2023-02-03,"Hilton, Jake",67.54198,2083.138098,5:15,-16.85969,7.62185,-79.25733,5.15336,-0.99612,-9.746839,1.190551,5,61.84751,0.568533,66.29775,5.69447,5.63154,Left,"Doughty, Jacob",Curveball,Curveball,StrikeCalled,Undefined,Undefined,Undefined,4.691981,-0.171054,2.93621,-0.52057,,,,,,,,
137,2023-02-03,"Hilton, Jake",85.65249,2277.997655,10:45,14.74028,-10.14457,-23.78647,5.22893,-0.88978,-3.785865,-0.912184,5,77.80721,0.446738,84.37264,7.84528,5.69952,Left,"Doughty, Jacob",Fastball,Four-Seam,StrikeSwinging,Undefined,Undefined,Undefined,0.685979,0.90164,3.88607,-0.8949,,,,,,,,
138,2023-02-03,"Hilton, Jake",84.85136,2229.188944,11:30,18.04879,-4.98721,-20.871,5.12689,-1.00554,-4.921988,1.993124,5,77.30781,0.449011,83.94556,7.54354,5.94003,Left,"Doughty, Jacob",Fastball,Four-Seam,StrikeSwinging,Strikeout,Undefined,Undefined,-0.967149,2.887245,2.48924,1.25948,,,,,,,,
139,2023-02-03,"Hilton, Jake",70.32494,2295.073777,4:45,-14.66304,13.47623,-72.9037,5.12983,-0.95614,-10.805552,2.671569,5,64.45329,0.549268,68.62301,5.87165,5.34484,Left,"Morrison, Aidan",Curveball,Curveball,BallCalled,Undefined,Undefined,Undefined,2.397249,0.270772,1.30458,0.42088,,,,,,,,
140,2023-02-03,"Hilton, Jake",84.39266,2189.103066,11:15,19.44355,-6.89103,-20.35249,5.13444,-1.02717,-5.957225,0.651889,5,76.60528,0.454037,83.01622,7.78738,5.76211,Left,"Morrison, Aidan",Fastball,Four-Seam,InPlay,Undefined,Popup,Out,-2.099652,1.88518,1.4822,0.15386,,,,,,,,
141,2023-02-03,"Hilton, Jake",84.64261,2217.865173,10:45,14.06123,-9.00091,-25.64958,5.17759,-1.16458,-5.690839,-0.276975,5,76.86687,0.453551,83.10523,7.77574,5.60954,Left,"Warner, Dawson",Fastball,Sinker,InPlay,Undefined,FlyBall,Out,-0.895943,1.330362,2.20354,-0.67264,170.593806,3.924074,-13.900982,287.84449,1957.705714,-11.236798,25.266871,80.31521
