PitchNo,Date,Time,PAofInning,PitchofPA,Pitcher,PitcherId,PitcherThrows,PitcherTeam,Batter,BatterId,BatterSide,BatterTeam,PitcherSet,Inning,Top/Bottom,Outs,Balls,Strikes,TaggedPitchType,AutoPitchType,PitchCall,KorBB,TaggedHitType,PlayResult,OutsOnPlay,RunsScored,Notes,RelSpeed,VertRelAngle,HorzRelAngle,SpinRate,SpinAxis,Tilt,RelHeight,RelSide,Extension,VertBreak,InducedVertBreak,HorzBreak,PlateLocHeight,PlateLocSide,ZoneSpeed,VertApprAngle,HorzApprAngle,ZoneTime,ExitSpeed,Angle,Direction,HitSpinRate,PositionAt110X,PositionAt110Y,PositionAt110Z,Distance,LastTrackedDistance,Bearing,HangTime,pfxx,pfxz,x0,y0,z0,vx0,vy0,vz0,ax0,ay0,az0,HomeTeam,AwayTeam,Stadium,Level,League,GameID,PitchUID,EffectiveVelo,MaxHeight,MeasuredDuration,SpeedDrop,PitchLastMeasuredX,PitchLastMeasuredY,PitchLastMeasuredZ,ContactPositionX,ContactPositionY,ContactPositionZ,GameUID,UTCDate,UTCTime,LocalDateTime,UTCDateTime,AutoHitType,System,HomeTeamForeignID,AwayTeamForeignID,GameForeignID,Catcher,CatcherId,CatcherThrows,CatcherTeam,PlayID,PitchTrajectoryXc0,PitchTrajectoryXc1,PitchTrajectoryXc2,PitchTrajectoryYc0,PitchTrajectoryYc1,PitchTrajectoryYc2,PitchTrajectoryZc0,PitchTrajectoryZc1,PitchTrajectoryZc2,HitSpinAxis,HitTrajectoryXc0,HitTrajectoryXc1,HitTrajectoryXc2,HitTrajectoryXc3,HitTrajectoryXc4,HitTrajectoryXc5,HitTrajectoryXc6,HitTrajectoryXc7,HitTrajectoryXc8,HitTrajectoryYc0,HitTrajectoryYc1,HitTrajectoryYc2,HitTrajectoryYc3,HitTrajectoryYc4,HitTrajectoryYc5,HitTrajectoryYc6,HitTrajectoryYc7,HitTrajectoryYc8,HitTrajectoryZc0,HitTrajectoryZc1,HitTrajectoryZc2,HitTrajectoryZc3,HitTrajectoryZc4,HitTrajectoryZc5,HitTrajectoryZc6,HitTrajectoryZc7,HitTrajectoryZc8,ThrowSpeed,PopTime,ExchangeTime,TimeToBase,CatchPositionX,CatchPositionY,CatchPositionZ,ThrowPositionX,ThrowPositionY,ThrowPositionZ,BasePositionX,BasePositionY,BasePositionZ,ThrowTrajectoryXc0,ThrowTrajectoryXc1,ThrowTrajectoryXc2,ThrowTrajectoryYc0,ThrowTrajectoryYc1,ThrowTrajectoryYc2,ThrowTrajectoryZc0,ThrowTrajectoryZc1,ThrowTrajectoryZc2,PitchReleaseConfidence,PitchLocationConfidence,PitchMovementConfidence,HitLaunchConfidence,HitLandingConfidence,CatcherThrowCatchConfidence,CatcherThrowReleaseConfidence,CatcherThrowLocationConfidence
1,2022-02-27,12:01:32.18,1,1,"Williams, Joe",1000115635,Right,POM_COL,"Clark, Max",1000121391,Right,RED_UNI,Undefined,8,Top,0,0,0,Fastball,Sinker,BallCalled,Undefined,Undefined,Undefined,0,0,,88.15258,1.345826,-6.131894,2284.019393,243.896316,2:15,3.88107,2.44423,5.90859,-26.47151,10.40201,18.41792,2.93171,-1.7343,78.88031,-3.628437,-2.854477,0.437048,,,,,,,,,,,,-11.28197,5.28118,-1.96022,50,3.97489,12.84727,-127.11395,2.14582,-18.16544,29.92404,-23.67069,POM_COL,RED_UNI,PomonaPitzer,D3,Team,20220227-PomonaPitzer-1,0f5e95a0-9808-11ec-a5e6-45aab00a6108,86.24334,,,9.27228,,,,,,,26864660-8567-4b58-9d6c-4215d219f2b0,2022-02-27,20:01:32.18,2022-02-27T12:01:32.1829670-08:00,2022-02-27T20:01:32.1829670Z,,v3,POM_PIT,,,"Nishi, Ryan",1000115618,Right,POM_COL,52ba28cf-987f-4826-bc8e-7ef3da45b2e3,54.58628,-128.18906,14.96202,3.88252,2.99626,-11.83534,-2.43352,13.49992,-9.08272,,,,,,,,,,,,,,,,,,,,,,,,,,,,,,,,,,,,,,,,,,,,,,,,,,,High,High,High,,,,,
2,2022-02-27,12:01:47.53,1,2,"Williams, Joe",1000115635,Right,POM_COL,"Clark, Max",1000121391,Right,RED_UNI,Undefined,8,Top,0,1,0,Fastball,Sinker,BallCalled,Undefined,Undefined,Undefined,0,0,,88.13399,2.149493,-4.398843,2388.700437,246.489854,2:15,3.87679,2.52242,5.98474,-28.99864,7.29363,13.9415,3.45934,-0.40091,79.65361,-3.268431,-1.904373,0.433589,,,,,,,,,,,,-8.38485,3.48591,-2.18184,50,4.03123,9.21093,-127.51874,3.8359,-13.7107,27.92058,-26.47396,POM_COL,RED_UNI,PomonaPitzer,D3,Team,20220227-PomonaPitzer-1,18910400-9808-11ec-a5e6-45aab00a6108,86.93126,,,8.48038,,,,,,,26864660-8567-4b58-9d6c-4215d219f2b0,2022-02-27,20:01:47.53,2022-02-27T12:01:47.5389734-08:00,2022-02-27T20:01:47.5389734Z,,v3,POM_PIT,,,"Nishi, Ryan",1000115618,Right,POM_COL,a0d346ff-472d-4286-97f2-366d3ad08fc0,54.51145,-128.50274,13.96029,3.8796,4.76892,-13.23698,-2.51497,9.69413,-6.85535,,,,,,,,,,,,,,,,,,,,,,,,,,,,,,,,,,,,,,,,,,,,,,,,,,,High,High,High,,,,,
3,2022-02-27,12:02:06.52,1,3,"Williams, Joe",1000115635,Right,POM_COL,"Clark, Max",1000121391,Right,RED_UNI,Undefined,8,Top,0,2,0,Fastball,Sinker,BallCalled,Undefined,Undefined,Undefined,0,0,,88.4335,0.611335,-1.996603,2291.645768,250.252462,2:15,3.94617,2.55292,5.93865,-28.64687,7.45764,17.22395,2.12641,2.13532,79.8007,-4.751189,1.096846,0.432466,,,,,,,,,,,,-9.66398,3.94162,-2.40413,50,3.97872,3.78612,-128.33672,0.42526,-15.86891,30.38215,-25.70164,POM_COL,RED_UNI,PomonaPitzer,D3,Team,20220227-PomonaPitzer-1,23d27c40-9808-11ec-a5e6-45aab00a6108,87.157,,,8.6328,,,,,,,26864660-8567-4b58-9d6c-4215d219f2b0,2022-02-27,20:02:06.52,2022-02-27T12:02:06.5227046-08:00,2022-02-27T20:02:06.5227046Z,,v3,POM_PIT,,,"Nishi, Ryan",1000115618,Right,POM_COL,3451054c-be1f-44ee-a31b-d124db7c1c5f,54.56187,-129.41218,15.19108,3.94757,1.33504,-12.85082,-2.54809,4.34784,-7.93446,,,,,,,,,,,,,,,,,,,,,,,,,,,,,,,,,,,,,,,,,,,,,,,,,,,High,High,High,,,,,
4,2022-02-27,12:02:24.01,1,4,"Williams, Joe",1000115635,Right,POM_COL,"Clark, Max",1000121391,Right,RED_UNI,Undefined,8,Top,0,3,0,Fastball,Sinker,StrikeCalled,Undefined,Undefined,Undefined,0,0,,87.07513,1.066389,-3.89389,2139.558187,255.808359,2:30,3.86914,2.69482,5.73703,-31.72242,5.83611,17.88387,2.22102,0.55364,78.63509,-4.826829,-0.702371,0.441088,,,,,,,,,,,,-10.24024,3.03776,-2.38113,50,3.9389,7.80933,-126.07383,1.25329,-16.30903,28.13649,-27.33598,POM_COL,RED_UNI,PomonaPitzer,D3,Team,20220227-PomonaPitzer-1,2e4cd3f0-9808-11ec-a5e6-45aab00a6108,85.45326,,,8.44004,,,,,,,26864660-8567-4b58-9d6c-4215d219f2b0,2022-02-27,20:02:24.01,2022-02-27T12:02:24.0102694-08:00,2022-02-27T20:02:24.0102694Z,,v3,POM_PIT,,,"Nishi, Ryan",1000115618,Right,POM_COL,85f5b6e4-cd28-4ab0-839d-a3ed7cc65191,54.76026,-127.13176,14.06825,3.87245,2.28112,-13.66799,-2.68628,8.42255,-8.15452,,,,,,,,,,,,,,,,,,,,,,,,,,,,,,,,,,,,,,,,,,,,,,,,,,,High,High,High,,,,,
5,2022-02-27,12:02:42.43,1,5,"Williams, Joe",1000115635,Right,POM_COL,"Clark, Max",1000121391,Right,RED_UNI,Undefined,8,Top,0,3,1,Fastball,Sinker,StrikeCalled,Undefined,Undefined,Undefined,0,0,,88.78543,0.433119,-4.996414,2249.726073,253.183836,2:30,3.83237,2.54741,5.85622,-29.10494,6.96024,18.79926,1.81091,-0.53994,80.10977,-4.992038,-1.641201,0.432231,,,,,,,,,,,,-11.09737,3.80248,-2.15173,50,3.85086,10.41154,-128.4028,-0.02167,-18.3258,29.28414,-25.89478,POM_COL,RED_UNI,PomonaPitzer,D3,Team,20220227-PomonaPitzer-1,394a1740-9808-11ec-a5e6-45aab00a6108,87.20449,,,8.67567,,,,,,,26864660-8567-4b58-9d6c-4215d219f2b0,2022-02-27,20:02:42.43,2022-02-27T12:02:42.4323366-08:00,2022-02-27T20:02:42.4323366Z,,v3,POM_PIT,,,"Nishi, Ryan",1000115618,Right,POM_COL,0dd68321-0c64-4b79-ae6a-8a355cbae5cd,54.64125,-129.45698,14.64207,3.83486,0.9105,-12.94739,-2.5384,11.07124,-9.1629,,,,,,,,,,,,,,,,,,,,,,,,,,,,,,,,,,,,,,,,,,,,,,,,,,,High,High,High,,,,,
6,2022-02-27,12:03:01.12,1,6,"Williams, Joe",1000115635,Right,POM_COL,"Clark, Max",1000121391,Right,RED_UNI,Undefined,8,Top,0,3,2,Fastball,Sinker,StrikeSwinging,Strikeout,Undefined,Undefined,0,0,,88.92449,0.695031,-3.003741,2339.606971,242.679631,2:00,3.83373,2.60356,5.83311,-26.10234,9.68504,16.35442,2.30549,1.17188,80.37652,-4.194624,-0.076156,0.430563,,,,,,,,,,,,-9.18973,5.10189,-2.36768,50,3.87533,6.04542,-128.89043,0.68993,-15.31151,29.17737,-23.67355,POM_COL,RED_UNI,PomonaPitzer,D3,Team,20220227-PomonaPitzer-1,445c9040-9808-11ec-a5e6-45aab00a6108,87.54228,,,8.54797,,,,,,,26864660-8567-4b58-9d6c-4215d219f2b0,2022-02-27,20:03:01.12,2022-02-27T12:03:01.1210000-08:00,2022-02-27T20:03:01.1210000Z,,v3,POM_PIT,,,"Nishi, Ryan",1000115618,Right,POM_COL,6cc9fec4-fd99-4cbd-8ae4-d064d11fb22e,54.66315,-129.94175,14.58868,3.8351,1.54295,-11.83678,-2.59546,6.59712,-7.65575,,,,,,,,,,,,,,,,,,,,,,,,,,,,,63.59732,,,1.098193,,,,-0.03903,5.80945,2.49039,71.04985,8.84918,-53.73026,0.0243,68.80631,-3.73699,5.92514,18.66754,-14.52471,2.33072,-57.71502,6.00755,High,High,High,,,High,High,High
7,2022-02-27,12:03:29.58,2,1,"Williams, Joe",1000115635,Right,POM_COL,"Barraza, Omar",1000039354,Right,RED_UNI,Undefined,8,Top,1,0,0,Fastball,Sinker,BallCalled,Undefined,Undefined,Undefined,0,0,,89.65158,1.423853,-3.054925,2332.504922,244.758444,2:15,3.98684,2.71016,5.86212,-25.62616,9.72591,17.93828,3.17623,1.36431,80.56723,-3.393422,0.156945,0.427936,,,,,,,,,,,,-9.99335,4.89351,-2.47206,50,4.08782,6.1206,-129.83837,2.37323,-16.81976,30.74501,-23.93784,POM_COL,RED_UNI,PomonaPitzer,D3,Team,20220227-PomonaPitzer-1,55655f70-9808-11ec-a5e6-45aab00a6108,88.07962,,,9.08435,,,,,,,26864660-8567-4b58-9d6c-4215d219f2b0,2022-02-27,20:03:29.58,2022-02-27T12:03:29.5809318-08:00,2022-02-27T20:03:29.5809318Z,,v3,POM_PIT,,,"Nishi, Ryan",1000115618,Right,POM_COL,1f8c15ae-08fd-4024-832f-d6e53560490f,54.63259,-130.93075,15.37251,3.98839,3.22375,-11.96892,-2.70014,6.71821,-8.40988,,,,,,,,,,,,,,,,,,,,,,,,,,,,,,,,,,,,,,,,,,,,,,,,,,,High,High,High,,,,,
8,2022-02-27,12:03:49.61,2,2,"Williams, Joe",1000115635,Right,POM_COL,"Barraza, Omar",1000039354,Right,RED_UNI,Undefined,8,Top,1,1,0,Slider,Slider,BallCalled,Undefined,Undefined,Undefined,0,0,,77.0259,0.728937,0.387584,2599.724111,126.720517,10:15,4.09354,2.64428,5.03433,-36.69837,12.37867,-14.32812,1.72311,1.81594,69.88674,-6.022986,-2.14371,0.504209,,,,,,,,,,,,7.18193,6.41681,-2.66936,50,4.13443,-0.16536,-111.62033,0.20562,8.97636,21.83981,-24.15395,POM_COL,RED_UNI,PomonaPitzer,D3,Team,20220227-PomonaPitzer-1,614eb070-9808-11ec-a5e6-45aab00a6108,74.75561,,,7.13916,,,,,,,26864660-8567-4b58-9d6c-4215d219f2b0,2022-02-27,20:03:49.61,2022-02-27T12:03:49.6182566-08:00,2022-02-27T20:03:49.6182566Z,,v3,POM_PIT,,,"Nishi, Ryan",1000115618,Right,POM_COL,1b19ea5d-fe29-4ced-868f-c8fa1dadf166,55.46103,-112.68378,10.91991,4.09578,1.38175,-12.07698,-2.65067,-0.60245,4.48818,,,,,,,,,,,,,,,,,,,,,,,,,,,,,,,,,,,,,,,,,,,,,,,,,,,High,High,High,,,,,
9,2022-02-27,12:04:06.37,2,3,"Williams, Joe",1000115635,Right,POM_COL,"Barraza, Omar",1000039354,Right,RED_UNI,Undefined,8,Top,1,2,0,Fastball,Sinker,BallCalled,Undefined,Undefined,Undefined,0,0,,88.42635,1.579442,-1.538499,2285.417801,247.251444,2:15,3.84917,2.64916,5.57867,-28.22628,8.88831,17.72021,2.973,2.68863,78.63177,-3.71364,1.621867,0.438474,,,,,,,,,,,,-9.35481,4.36437,-2.52806,50,3.96725,2.61568,-127.94691,2.54366,-15.1007,32.84749,-25.129,POM_COL,RED_UNI,PomonaPitzer,D3,Team,20220227-PomonaPitzer-1,6b3ec980-9808-11ec-a5e6-45aab00a6108,85.96279,,,9.79458,,,,,,,26864660-8567-4b58-9d6c-4215d219f2b0,2022-02-27,20:04:06.37,2022-02-27T12:04:06.3758630-08:00,2022-02-27T20:04:06.3758630Z,,v3,POM_PIT,,,"Nishi, Ryan",1000115618,Right,POM_COL,8c355c47-e2ce-4f5c-898e-6aa2e56164be,54.91374,-129.20224,16.42374,3.85169,3.50402,-12.5645,-2.63905,3.19278,-7.55035,,,,,,,,,,,,,,,,,,,,,,,,,,,,,,,,,,,,,,,,,,,,,,,,,,,High,High,High,,,,,
10,2022-02-27,12:04:31.17,2,4,"Williams, Joe",1000115635,Right,POM_COL,"Barraza, Omar",1000039354,Right,RED_UNI,Undefined,8,Top,1,3,0,Fastball,Sinker,BallCalled,Walk,Undefined,Undefined,0,0,,88.78216,0.57848,-4.1935,2210.669656,272.194448,3:00,3.51437,2.54316,5.95636,-35.34187,0.90969,12.42768,1.10713,-0.31701,79.4734,-5.992676,-1.967389,0.433346,,,,,,,,,,,,-7.79252,0.68028,-2.21638,50,3.54103,8.88239,-128.41467,0.06051,-12.71732,32.20767,-31.06386,POM_COL,RED_UNI,PomonaPitzer,D3,Team,20220227-PomonaPitzer-1,7a0ebfb0-9808-11ec-a5e6-45aab00a6108,86.97999,,,9.30876,,,,,,,26864660-8567-4b58-9d6c-4215d219f2b0,2022-02-27,20:04:31.17,2022-02-27T12:04:31.1720230-08:00,2022-02-27T20:04:31.1720230Z,,v3,POM_PIT,,,"Nishi, Ryan",1000115618,Right,POM_COL,e1656898-a24a-4a98-b662-1b4c554c2692,54.53977,-129.54829,16.10384,3.51966,1.15386,-15.53193,-2.5369,9.33,-6.35866,,,,,,,,,,,,,,,,,,,,,,,,,,,,,,,,,,,,,,,,,,,,,,,,,,,High,High,High,,,,,
11,2022-02-27,12:05:22.73,3,1,"Williams, Joe",1000115635,Right,POM_COL,"Anderson, Jared",1000121380,Right,RED_UNI,Undefined,8,Top,1,0,0,Fastball,Four-Seam,BallCalled,Undefined,Undefined,Undefined,0,0,,87.08561,0.170819,-1.860179,2192.429508,276.116762,3:15,3.59794,2.56148,5.54221,-38.64451,-0.38807,17.53816,0.53729,2.2839,77.90203,-6.956656,1.270212,0.445168,,,,,,,,,,,,-9.50752,0.16929,-2.41222,50,3.5874,3.32417,-126.11527,-1.04645,-14.90542,31.99938,-31.90862,POM_COL,RED_UNI,PomonaPitzer,D3,Team,20220227-PomonaPitzer-1,98d0e4f0-9808-11ec-a5e6-45aab00a6108,84.67017,,,9.18358,,,,,,,26864660-8567-4b58-9d6c-4215d219f2b0,2022-02-27,20:05:22.73,2022-02-27T12:05:22.7304230-08:00,2022-02-27T20:05:22.7304230Z,,v3,POM_PIT,,,"Nishi, Ryan",1000115618,Right,POM_COL,eeada32a-8af9-4630-bb7a-0efa88a1b6b9,54.95439,-127.36615,15.99969,3.60393,0.20088,-15.95431,-2.55355,3.90683,-7.45271,,,,,,,,,,,,,,,,,,,,,,,,,,,,,,,,,,,,,,,,,,,,,,,,,,,High,High,High,,,,,
12,2022-02-27,12:05:43.25,3,2,"Williams, Joe",1000115635,Right,POM_COL,"Anderson, Jared",1000121380,Right,RED_UNI,Undefined,8,Top,1,1,0,Fastball,Changeup,BallCalled,Undefined,Undefined,Undefined,0,0,,86.22178,1.354681,-1.770556,2225.274065,253.054137,2:30,3.78476,2.65008,5.73404,-32.48419,6.07555,15.20654,2.3401,2.26797,77.24078,-4.706133,0.949694,0.446929,,,,,,,,,,,,-8.24319,3.07835,-2.51166,50,3.87821,3.19784,-124.89478,1.84109,-12.75677,29.90273,-27.41014,POM_COL,RED_UNI,PomonaPitzer,D3,Team,20220227-PomonaPitzer-1,a4ff5540-9808-11ec-a5e6-45aab00a6108,84.33654,,,8.981,,,,,,,26864660-8567-4b58-9d6c-4215d219f2b0,2022-02-27,20:05:43.25,2022-02-27T12:05:43.2531750-08:00,2022-02-27T20:05:43.2531750Z,,v3,POM_PIT,,,"Nishi, Ryan",1000115618,Right,POM_COL,61d15185-4b67-4087-adbc-a1c8cb5104b4,54.76047,-126.0294,14.95137,3.78862,2.88112,-13.70507,-2.64218,3.68187,-6.37838,,,,,,,,,,,,,,,,,,,,,,,,,,,,,,,,,,,,,,,,,,,,,,,,,,,High,High,High,,,,,
13,2022-02-27,12:06:02.09,3,3,"Williams, Joe",1000115635,Right,POM_COL,"Anderson, Jared",1000121380,Right,RED_UNI,Undefined,8,Top,1,2,0,Fastball,Sinker,StrikeCalled,Undefined,Undefined,Undefined,0,0,,87.51353,0.474448,-5.349424,2172.406638,245.003791,2:15,3.70308,2.70788,5.90094,-27.61112,10.16272,18.46631,1.84453,-0.73371,77.53765,-4.737605,-2.054679,0.442351,,,,,,,,,,,,-11.28201,5.46252,-2.28681,50,3.72603,11.01297,-126.23236,0.16075,-17.67643,32.63291,-23.61549,POM_COL,RED_UNI,PomonaPitzer,D3,Team,20220227-PomonaPitzer-1,b03a8bf0-9808-11ec-a5e6-45aab00a6108,85.20936,,,9.97588,,,,,,,26864660-8567-4b58-9d6c-4215d219f2b0,2022-02-27,20:06:02.09,2022-02-27T12:06:02.0970790-08:00,2022-02-27T20:06:02.0970790Z,,v3,POM_PIT,,,"Nishi, Ryan",1000115618,Right,POM_COL,75b69aff-2991-4dc1-9c6f-05e9c86f3ed7,54.59248,-127.41405,16.31645,3.70472,1.01591,-11.80774,-2.69719,11.65306,-8.83822,,,,,,,,,,,,,,,,,,,,,,,,,,,,,,,,,,,,,,,,,,,,,,,,,,,High,High,High,,,,,
14,2022-02-27,12:06:20.61,3,4,"Williams, Joe",1000115635,Right,POM_COL,"Anderson, Jared",1000121380,Right,RED_UNI,Undefined,8,Top,1,2,1,Fastball,Sinker,StrikeCalled,Undefined,Undefined,Undefined,0,0,,87.86188,0.651265,-5.310681,2225.690967,242.722149,2:00,3.83706,2.57058,5.8805,-27.31049,10.0226,16.57025,2.16863,-0.99463,78.18919,-4.491708,-2.355914,0.439763,,,,,,,,,,,,-10.21973,5.31819,-2.14976,50,3.8745,11.05768,-126.78652,0.55832,-16.23351,31.75401,-23.72637,POM_COL,RED_UNI,PomonaPitzer,D3,Team,20220227-PomonaPitzer-1,bb45b1f0-9808-11ec-a5e6-45aab00a6108,85.71085,,,9.67269,,,,,,,26864660-8567-4b58-9d6c-4215d219f2b0,2022-02-27,20:06:20.61,2022-02-27T12:06:20.6193958-08:00,2022-02-27T20:06:20.6193958Z,,v3,POM_PIT,,,"Nishi, Ryan",1000115618,Right,POM_COL,5ea39a7f-89bd-4a61-bf16-bb9968a52b04,54.61316,-127.93668,15.87701,3.83871,1.41771,-11.86319,-2.56093,11.64568,-8.11676,,,,,,,,,,,,,,,,,,,,,,,,,,,,,,,,,,,,,,,,,,,,,,,,,,,High,High,High,,,,,
15,2022-02-27,12:06:38.93,3,5,"Williams, Joe",1000115635,Right,POM_COL,"Anderson, Jared",1000121380,Right,RED_UNI,Undefined,8,Top,1,2,2,Fastball,Sinker,BallCalled,Undefined,Undefined,Undefined,0,0,,88.29708,1.064646,-1.95576,2286.23076,251.617774,2:30,3.82392,2.60512,5.75799,-29.58742,7.37599,17.81643,2.34998,2.26867,78.59675,-4.48454,1.232636,0.43758,,,,,,,,,,,,-9.6276,3.81642,-2.45334,50,3.8948,3.56037,-127.81557,1.35737,-15.50478,32.8473,-26.02793,POM_COL,RED_UNI,PomonaPitzer,D3,Team,20220227-PomonaPitzer-1,c632c8a0-9808-11ec-a5e6-45aab00a6108,86.13841,,,9.70033,,,,,,,26864660-8567-4b58-9d6c-4215d219f2b0,2022-02-27,20:06:38.93,2022-02-27T12:06:38.9355302-08:00,2022-02-27T20:06:38.9355302Z,,v3,POM_PIT,,,"Nishi, Ryan",1000115618,Right,POM_COL,2220934c-f906-438a-b75b-bb674092dc1b,54.73513,-129.02672,16.42365,3.82705,2.31707,-13.01397,-2.59516,4.13206,-7.75239,,,,,,,,,,,,,,,,,,,,,,,,,,,,,,,,,,,,,,,,,,,,,,,,,,,High,High,High,,,,,
16,2022-02-27,12:07:00.44,3,6,"Williams, Joe",1000115635,Right,POM_COL,"Anderson, Jared",1000121380,Right,RED_UNI,Undefined,8,Top,1,3,2,Fastball,Sinker,InPlay,Undefined,GroundBall,Out,1,0,,88.23079,0.500228,-3.917465,2308.1365,256.237388,2:30,3.75766,2.55733,5.88699,-31.03466,5.44737,16.88454,1.63703,0.32109,79.50248,-5.283432,-0.895254,0.434721,92.8895,-12.304771,13.16332,,,,,8.71075,,10.679987,0.057675,-9.8776,3.00595,-2.25076,50,3.78037,8.03174,-127.75968,0.05759,-16.0922,29.841,-27.27688,POM_COL,RED_UNI,PomonaPitzer,D3,Team,20220227-PomonaPitzer-1,d306c7c0-9808-11ec-a5e6-45aab00a6108,86.70484,1.67662,,8.72831,,,,1.07522,1.67662,-0.13615,26864660-8567-4b58-9d6c-4215d219f2b0,2022-02-27,20:07:00.44,2022-02-27T12:07:00.4444454-08:00,2022-02-27T20:07:00.4444454Z,GroundBall,v3,POM_PIT,,,"Nishi, Ryan",1000115618,Right,POM_COL,ea2841cd-25ab-4451-9ca9-6b3eb563317b,54.61059,-128.83208,14.9205,3.76069,1.03784,-13.63844,-2.54979,8.61005,-8.0461,180,1.07372,129.77176,,,,,,,,1.67696,-29.06995,,,,,,,,-0.1365,30.35006,,,,,,,,,,,,,,,,,,,,,,,,,,,,,,High,High,High,Medium,High,,,
17,2022-02-27,12:07:45.21,4,1,"Williams, Joe",1000115635,Right,POM_COL,"Nakashima, Esteban",1000121379,Right,RED_UNI,Undefined,8,Top,2,0,0,Fastball,Sinker,BallCalled,Undefined,Undefined,Undefined,0,0,,88.22648,1.261006,-6.382816,2223.119117,244.691886,2:15,3.78807,2.61666,5.90009,-27.25757,9.53367,17.29536,2.69473,-1.89208,79.10433,-3.84552,-3.308399,0.43656,,,,,,,,,,,,-10.783,4.86886,-2.11087,50,3.87476,13.47303,-127.18931,1.92211,-17.4135,29.53431,-24.31131,POM_COL,RED_UNI,PomonaPitzer,D3,Team,20220227-PomonaPitzer-1,edc7b010-9808-11ec-a5e6-45aab00a6108,86.3397,,,9.12216,,,,,,,26864660-8567-4b58-9d6c-4215d219f2b0,2022-02-27,20:07:45.21,2022-02-27T12:07:45.2152614-08:00,2022-02-27T20:07:45.2152614Z,,v3,POM_PIT,,,"Nishi, Ryan",1000115618,Right,POM_COL,49fd112c-484d-48e9-8e30-332f8b8bd0da,54.59532,-128.25194,14.76716,3.78987,2.79682,-12.15566,-2.60689,14.09955,-8.70675,,,,,,,,,,,,,,,,,,,,,,,,,,,,,,,,,,,,,,,,,,,,,,,,,,,High,High,High,,,,,
18,2022-02-27,12:08:16.60,4,2,"Williams, Joe",1000115635,Right,POM_COL,"Anderson, Jared",1000121380,Right,RED_UNI,Undefined,8,Top,2,1,0,Fastball,Sinker,InPlay,Undefined,Popup,Out,1,0,,87.86042,1.446039,-4.035724,2223.176699,245.594521,2:15,3.82126,2.64774,5.96656,-27.75541,9.07201,17.00013,2.85265,0.3164,78.74296,-3.773347,-0.990988,0.436774,78.19711,65.078346,38.682452,,,,,,,,,-10.04965,4.55748,-2.33694,50,3.92087,8.25775,-127.1378,2.31893,-16.15773,30.37163,-24.84659,POM_COL,RED_UNI,PomonaPitzer,D3,Team,20220227-PomonaPitzer-1,0071ac20-9809-11ec-a5e6-45aab00a6108,86.2973,105.17212,,9.11745,,,,1.71614,2.87232,-0.32162,26864660-8567-4b58-9d6c-4215d219f2b0,2022-02-27,20:08:16.60,2022-02-27T12:08:16.6080294-08:00,2022-02-27T20:08:16.6080294Z,,v3,POM_PIT,,,"Nishi, Ryan",1000115618,Right,POM_COL,39e14347-faaf-402f-8399-1dbaa751591e,54.53046,-128.21551,15.18581,3.82294,3.20058,-12.4233,-2.64013,8.83109,-8.07887,,1.71613,37.72687,-11.23147,2.26319,-1.06542,1.0453,-0.75842,0.29144,-0.04562,2.87231,104.01129,-27.27777,3.57682,-1.49545,1.31361,-0.92928,0.35668,-0.05588,-0.32161,30.20228,-2.62444,-0.221,1.19912,-1.97255,1.57544,-0.62847,0.10043,,,,,,,,,,,,,,,,,,,,,,,High,High,High,Medium,Low,,,
19,2022-02-27,12:10:44.98,1,1,"Reiter, Tyler",1000121384,Right,RED_UNI,"Lo, Kevin",1000115609,Left,POM_COL,Undefined,8,Bottom,0,0,0,Fastball,Changeup,StrikeCalled,Undefined,Undefined,Undefined,0,0,,84.51814,-1.350685,-1.525892,1895.639766,207.957318,1:00,5.8526,1.55047,5.45036,-21.56832,18.29194,9.01623,2.79007,0.87297,77.1245,-5.395081,0.078887,0.454403,,,,,,,,,,,,-4.95402,9.97493,-1.4221,50,5.71884,2.88047,-122.59588,-3.56486,-7.52711,24.61181,-17.01823,POM_COL,RED_UNI,PomonaPitzer,D3,Team,20220227-PomonaPitzer-1,58e45790-9809-11ec-a5e6-45aab00a6108,82.94929,,,7.39363,,,,,,,26864660-8567-4b58-9d6c-4215d219f2b0,2022-02-27,20:10:44.98,2022-02-27T12:10:44.9880358-08:00,2022-02-27T20:10:44.9880358Z,,v3,POM_PIT,,,"Brumbaugh, Matthew",1000121383,Right,RED_UNI,0499505a-11c7-4c30-b0b0-4f141af1252e,55.04601,-123.60475,12.30591,5.85067,-2.86727,-8.50911,-1.5465,3.18901,-3.76356,,,,,,,,,,,,,,,,,,,,,,,,,,,,,,,,,,,,,,,,,,,,,,,,,,,High,High,High,,,,,
20,2022-02-27,12:10:56.90,1,2,"Reiter, Tyler",1000121384,Right,RED_UNI,"Lo, Kevin",1000115609,Left,POM_COL,Undefined,8,Bottom,0,0,1,ChangeUp,Changeup,BallCalled,Undefined,Undefined,Undefined,0,0,,77.40416,-1.686883,-2.217214,1934.25838,249.971376,2:15,5.52259,1.75115,5.3392,-39.24967,8.44666,18.95847,0.66764,1.24996,71.20485,-8.850465,1.155587,0.497066,,,,,,,,,,,,-10.19851,5.15284,-1.56542,50,5.34218,3.61762,-112.27632,-4.58722,-13.00267,20.5548,-25.60439,POM_COL,RED_UNI,PomonaPitzer,D3,Team,20220227-PomonaPitzer-1,5ffd0db0-9809-11ec-a5e6-45aab00a6108,75.8299,,,6.19931,,,,,,,26864660-8567-4b58-9d6c-4215d219f2b0,2022-02-27,20:10:56.90,2022-02-27T12:10:56.9028902-08:00,2022-02-27T20:10:56.9028902Z,,v3,POM_PIT,,,"Brumbaugh, Matthew",1000121383,Right,RED_UNI,463cac71-da9e-43ce-ba72-bb683a1e29cf,55.16066,-113.21716,10.2774,5.52532,-3.41526,-12.8022,-1.74463,4.21278,-6.50133,,,,,,,,,,,,,,,,,,,,,,,,,,,,,,,,,,,,,,,,,,,,,,,,,,,High,High,High,,,,,
21,2022-02-27,12:11:11.19,1,3,"Reiter, Tyler",1000121384,Right,RED_UNI,"Lo, Kevin",1000115609,Left,POM_COL,Undefined,8,Bottom,0,1,1,Fastball,Changeup,InPlay,Undefined,GroundBall,Out,1,0,,85.80191,-0.813074,-1.891803,1849.703419,225.467768,1:30,5.81091,1.43643,5.32836,-25.28116,13.92426,12.74442,2.94076,0.72272,77.60485,-5.52508,0.371466,0.450654,87.53735,-11.386893,19.697823,,,,,15.79546,,15.493557,0.111945,-6.99453,7.633,-1.27504,50,5.71966,3.55155,-124.33868,-2.6223,-10.82238,27.64142,-20.36385,POM_COL,RED_UNI,PomonaPitzer,D3,Team,20220227-PomonaPitzer-1,6888b4c0-9809-11ec-a5e6-45aab00a6108,83.6392,2.84429,,8.19706,,,,1.92511,2.84429,-0.54077,26864660-8567-4b58-9d6c-4215d219f2b0,2022-02-27,20:11:11.19,2022-02-27T12:11:11.1912742-08:00,2022-02-27T20:11:11.1912742Z,GroundBall,v3,POM_PIT,,,"Brumbaugh, Matthew",1000121383,Right,RED_UNI,d65c9f76-bbea-4f62-8075-b718e1d3d9c9,55.16858,-125.48243,13.82071,5.81074,-1.77968,-10.18192,-1.43126,3.99936,-5.41119,180,1.92006,118.77614,,,,,,,,2.84537,-25.40799,,,,,,,,-0.54258,42.52292,,,,,,,,,,,,,,,,,,,,,,,,,,,,,,High,High,High,Low,Low,,,
22,2022-02-27,12:11:41.80,2,1,"Reiter, Tyler",1000121384,Right,RED_UNI,"Damelio, Jack",1000115651,Right,POM_COL,Undefined,8,Bottom,1,0,0,Fastball,Changeup,StrikeCalled,Undefined,Undefined,Undefined,0,0,,85.68713,-1.078014,-3.019813,1907.884812,204.08275,12:45,5.96588,1.24316,5.68758,-19.75643,19.10985,7.92095,3.31324,-0.91397,77.37835,-4.836406,-1.606494,0.448702,,,,,,,,,,,,-4.91815,10.41001,-0.99379,50,5.86293,6.20362,-124.07707,-2.90786,-7.58076,27.43307,-16.12831,POM_COL,RED_UNI,PomonaPitzer,D3,Team,20220227-PomonaPitzer-1,7ac08e10-9809-11ec-a5e6-45aab00a6108,84.0033,,,8.30878,,,,,,,26864660-8567-4b58-9d6c-4215d219f2b0,2022-02-27,20:11:41.80,2022-02-27T12:11:41.8089254-08:00,2022-02-27T20:11:41.8089254Z,,v3,POM_PIT,,,"Brumbaugh, Matthew",1000121383,Right,RED_UNI,ab2e617f-fdba-468d-857d-4ee12cd05505,54.80637,-125.13523,13.71654,5.96309,-2.28575,-8.06415,-1.23872,6.49603,-3.79038,,,,,,,,,,,,,,,,,,,,,,,,,,,,,,,,,,,,,,,,,,,,,,,,,,,High,High,High,,,,,
23,2022-02-27,12:11:56.14,2,2,"Reiter, Tyler",1000121384,Right,RED_UNI,"Damelio, Jack",1000115651,Right,POM_COL,Undefined,8,Bottom,1,0,1,Slider,Curveball,StrikeCalled,Undefined,Undefined,Undefined,0,0,,77.27007,0.686064,-1.086308,2151.868645,94.286322,9:15,5.797,1.57507,5.00732,-46.81317,2.24169,-6.59969,2.54364,-0.00041,70.02768,-7.837607,-2.252417,0.504095,,,,,,,,,,,,2.90122,1.43933,-1.46526,50,5.82549,2.39602,-111.91204,-0.29948,3.62646,22.90698,-30.37491,POM_COL,RED_UNI,PomonaPitzer,D3,Team,20220227-PomonaPitzer-1,834d6da0-9809-11ec-a5e6-45aab00a6108,74.77247,,,7.2424,,,,,,,26864660-8567-4b58-9d6c-4215d219f2b0,2022-02-27,20:11:56.14,2022-02-27T12:11:56.1408294-08:00,2022-02-27T20:11:56.1408294Z,,v3,POM_PIT,,,"Brumbaugh, Matthew",1000121383,Right,RED_UNI,382904b5-e0f9-4e89-a1ca-69e038e3c2c9,55.48827,-113.02983,11.45349,5.80394,1.18273,-15.18746,-1.57786,2.21906,1.81323,,,,,,,,,,,,,,,,,,,,,,,,,,,,,,,,,,,,,,,,,,,,,,,,,,,High,High,High,,,,,
24,2022-02-27,12:12:10.81,2,3,"Reiter, Tyler",1000121384,Right,RED_UNI,"Damelio, Jack",1000115651,Right,POM_COL,Undefined,8,Bottom,1,0,2,Fastball,Four-Seam,BallCalled,Undefined,Undefined,Undefined,0,0,,86.65423,-3.236701,-2.919733,1958.004154,205.109797,12:45,5.90071,1.11586,5.75454,-19.56513,18.39241,7.98099,1.25019,-0.93931,78.53881,-6.936558,-1.492947,0.443425,,,,,,,,,,,,-4.95469,10.75816,-0.87839,50,5.61995,6.05671,-125.36934,-7.67482,-7.80181,27.86106,-15.23386,POM_COL,RED_UNI,PomonaPitzer,D3,Team,20220227-PomonaPitzer-1,8c0072d0-9809-11ec-a5e6-45aab00a6108,85.0029,,,8.11542,,,,,,,26864660-8567-4b58-9d6c-4215d219f2b0,2022-02-27,20:12:10.81,2022-02-27T12:12:10.8101926-08:00,2022-02-27T20:12:10.8101926Z,,v3,POM_PIT,,,"Brumbaugh, Matthew",1000121383,Right,RED_UNI,c50f4d21-bb3e-42f8-bf0a-d5bf2fedb240,54.74128,-126.41861,13.93053,5.89819,-7.1011,-7.61693,-1.11202,6.35053,-3.90091,,,,,,,,,,,,,,,,,,,,,,,,,,,,,,,,,,,,,,,,,,,,,,,,,,,High,High,High,,,,,
25,2022-02-27,12:12:26.01,2,4,"Reiter, Tyler",1000121384,Right,RED_UNI,"Damelio, Jack",1000115651,Right,POM_COL,Undefined,8,Bottom,1,1,2,Fastball,Changeup,InPlay,Undefined,Popup,Out,1,0,,86.11588,-1.306042,-2.058461,1877.346358,211.81637,1:00,5.91271,1.12782,5.61762,-20.46407,18.29643,10.44973,2.98749,0.07672,77.36766,-5.197086,-0.193521,0.448091,76.09455,55.709548,21.186007,,97.01025,116.31346,51.85541,187.14815,,32.918429,5.475991,-5.97898,10.11465,-0.95904,50,5.78849,4.03667,-124.72335,-3.4584,-9.24531,29.37794,-16.53377,POM_COL,RED_UNI,PomonaPitzer,D3,Team,20220227-PomonaPitzer-1,95260ff0-9809-11ec-a5e6-45aab00a6108,84.11788,116.43808,,8.74822,,,,1.58534,3.00281,-0.0773,26864660-8567-4b58-9d6c-4215d219f2b0,2022-02-27,20:12:26.01,2022-02-27T12:12:26.0125478-08:00,2022-02-27T20:12:26.0125478Z,FlyBall,v3,POM_PIT,,,"Brumbaugh, Matthew",1000121383,Right,RED_UNI,2ad04f95-e8fc-448e-92cb-5e260e6b21e4,54.87794,-125.86708,14.68897,5.91061,-2.81471,-8.26689,-1.1232,4.39661,-4.62265,,1.59207,58.48853,-15.37274,3.3267,-0.18013,-0.1152,0.03416,-0.00389,0.00016,2.9996,92.26141,-22.34162,2.16946,-0.38827,0.02448,0.00843,-0.00195,0.00012,-0.07643,22.70244,-2.72854,0.7427,-0.07683,-0.01511,0.00655,-0.00088,4E-05,,,,,,,,,,,,,,,,,,,,,,,High,High,High,Low,Medium,,,
26,2022-02-27,12:12:55.56,3,1,"Reiter, Tyler",1000121384,Right,RED_UNI,"Legg, Jimmy",1000115608,Left,POM_COL,Undefined,8,Bottom,2,0,0,Fastball,Changeup,BallCalled,Undefined,Undefined,Undefined,0,0,,84.36246,-0.380153,-1.176081,1953.213889,201.858268,12:45,5.77748,1.33617,5.48223,-19.51076,21.05249,7.838,3.79583,0.88881,75.69328,-4.111685,0.219499,0.458393,,,,,,,,,,,,-4.28225,11.11264,-1.23828,50,5.73136,2.16298,-122.17786,-1.36221,-6.3606,27.96573,-15.66795,POM_COL,RED_UNI,PomonaPitzer,D3,Team,20220227-PomonaPitzer-1,a6b54d30-9809-11ec-a5e6-45aab00a6108,82.22739,,,8.66918,,,,,,,26864660-8567-4b58-9d6c-4215d219f2b0,2022-02-27,20:12:55.56,2022-02-27T12:12:55.5614502-08:00,2022-02-27T20:12:55.5614502Z,,v3,POM_PIT,,,"Brumbaugh, Matthew",1000121383,Right,RED_UNI,c6dfd3e3-d0bb-4fb3-a437-f79687ac68e4,55.00987,-123.31926,13.98286,5.77391,-0.72274,-7.83397,-1.33186,2.42258,-3.1803,,,,,,,,,,,,,,,,,,,,,,,,,,,,,,,,,,,,,,,,,,,,,,,,,,,High,High,High,,,,,
27,2022-02-27,12:13:07.37,3,2,"Reiter, Tyler",1000121384,Right,RED_UNI,"Legg, Jimmy",1000115608,Left,POM_COL,Undefined,8,Bottom,2,1,0,Fastball,Changeup,BallCalled,Undefined,Undefined,Undefined,0,0,,85.21732,-0.827778,-1.110937,1924.91994,220.104614,1:15,5.78538,1.39097,5.31925,-22.30804,17.4106,13.48615,3.14933,1.47211,77.08398,-5.016237,1.284005,0.453595,,,,,,,,,,,,-7.04555,9.36772,-1.3003,50,5.69483,1.79567,-123.50714,-2.50168,-10.76884,27.00208,-17.85588,POM_COL,RED_UNI,PomonaPitzer,D3,Team,20220227-PomonaPitzer-1,adc10b00-9809-11ec-a5e6-45aab00a6108,83.09706,,,8.13334,,,,,,,26864660-8567-4b58-9d6c-4215d219f2b0,2022-02-27,20:13:07.37,2022-02-27T12:13:07.3732902-08:00,2022-02-27T20:13:07.3732902Z,,v3,POM_PIT,,,"Brumbaugh, Matthew",1000121383,Right,RED_UNI,0a4bbdf6-2b5a-4cd3-be0a-50b2e4ab7db4,55.17567,-124.63354,13.50104,5.78366,-1.75681,-8.92794,-1.38457,2.2449,-5.38442,,,,,,,,,,,,,,,,,,,,,,,,,,,,,,,,,,,,,,,,,,,,,,,,,,,High,High,High,,,,,
28,2022-02-27,12:13:20.66,3,3,"Reiter, Tyler",1000121384,Right,RED_UNI,"Legg, Jimmy",1000115608,Left,POM_COL,Undefined,8,Bottom,2,2,0,Fastball,Four-Seam,FoulBall,Undefined,Undefined,Undefined,0,0,,84.94466,-1.518562,-2.609972,2013.025074,214.553215,1:15,5.65669,1.4759,5.70343,-21.08478,18.28485,11.64938,2.48288,0.01312,77.0379,-5.506506,-0.528684,0.451598,,,,,,,,,,,,-6.73603,10.16355,-1.26446,50,5.51643,5.13439,-123.12193,-3.89459,-10.24894,26.4514,-16.71005,POM_COL,RED_UNI,PomonaPitzer,D3,Team,20220227-PomonaPitzer-1,b5a352b0-9809-11ec-a5e6-45aab00a6108,83.46458,,,7.90676,,,,,,,26864660-8567-4b58-9d6c-4215d219f2b0,2022-02-27,20:13:20.66,2022-02-27T12:13:20.6648102-08:00,2022-02-27T20:13:20.6648102Z,,v3,POM_PIT,,,"Brumbaugh, Matthew",1000121383,Right,RED_UNI,d12b8475-f8db-4d91-b812-59ad376fe4b4,54.79401,-124.1476,13.2257,5.65488,-3.24664,-8.35503,-1.47126,5.5318,-5.12447,,,,,,,,,,,,,,,,,,,,,,,,,,,,,,,,,,,,,,,,,,,,,,,,,,,High,High,High,,,,,
29,2022-02-27,12:13:39.44,3,4,"Reiter, Tyler",1000121384,Right,RED_UNI,"Legg, Jimmy",1000115608,Left,POM_COL,Undefined,8,Bottom,2,2,1,Fastball,Changeup,BallCalled,Undefined,Undefined,Undefined,0,0,,86.57683,-0.692128,-1.066052,1770.959728,216.683818,1:15,5.77813,1.37625,5.59175,-20.79163,17.47855,11.97721,3.39911,1.37885,77.90522,-4.636484,1.071692,0.445248,,,,,,,,,,,,-6.3439,9.44686,-1.29251,50,5.7056,1.80531,-125.46432,-2.14894,-9.95306,29.10652,-17.35272,POM_COL,RED_UNI,PomonaPitzer,D3,Team,20220227-PomonaPitzer-1,c0e3e090-9809-11ec-a5e6-45aab00a6108,84.655,,,8.67161,,,,,,,26864660-8567-4b58-9d6c-4215d219f2b0,2022-02-27,20:13:39.44,2022-02-27T12:13:39.4453286-08:00,2022-02-27T20:13:39.4453286Z,,v3,POM_PIT,,,"Brumbaugh, Matthew",1000121383,Right,RED_UNI,e7d6122b-ae50-4cfd-97e7-fb9a58151b05,54.90208,-126.59645,14.55326,5.77606,-1.47398,-8.67636,-1.37025,2.19244,-4.97653,,,,,,,,,,,,,,,,,,,,,,,,,,,,,,,,,,,,,,,,,,,,,,,,,,,High,High,High,,,,,
30,2022-02-27,12:13:52.71,3,5,"Reiter, Tyler",1000121384,Right,RED_UNI,"Legg, Jimmy",1000115608,Left,POM_COL,Undefined,8,Bottom,2,3,1,Fastball,Changeup,BallCalled,Walk,Undefined,Undefined,0,0,,85.5592,-1.349412,-1.13407,1946.27987,231.086679,1:45,5.71857,1.38048,5.65086,-25.21907,13.69383,15.27296,2.35793,1.59536,77.54938,-6.067435,1.596369,0.448971,,,,,,,,,,,,-8.04414,7.76315,-1.294,50,5.58845,1.80197,-124.06765,-3.73455,-12.40197,27.34073,-20.2053,POM_COL,RED_UNI,PomonaPitzer,D3,Team,20220227-PomonaPitzer-1,c8dff1d0-9809-11ec-a5e6-45aab00a6108,83.95299,,,8.00982,,,,,,,26864660-8567-4b58-9d6c-4215d219f2b0,2022-02-27,20:13:52.71,2022-02-27T12:13:52.7115046-08:00,2022-02-27T20:13:52.7115046Z,,v3,POM_PIT,,,"Brumbaugh, Matthew",1000121383,Right,RED_UNI,60389a6f-3e61-4942-b3e0-62485db7286f,54.8449,-125.13076,13.67036,5.71838,-2.94888,-10.10265,-1.37344,2.2842,-6.20098,,,,,,,,,,,,,,,,,,,,,,,,,,,,,,,,,,,,,,,,,,,,,,,,,,,High,High,High,,,,,
31,2022-02-27,12:14:21.62,4,1,"Reiter, Tyler",1000121384,Right,RED_UNI,"Ng, JC",1000115591,Left,POM_COL,Undefined,8,Bottom,2,0,0,ChangeUp,Changeup,BallCalled,Undefined,Undefined,Undefined,0,0,,76.06577,-0.291039,-2.180061,2013.639163,257.211549,2:30,5.43239,1.73984,5.35002,-42.57742,6.82386,23.01088,1.61109,1.61167,69.76093,-8.07929,1.912386,0.505872,,,,,,,,,,,,-12.17131,3.98721,-1.5606,50,5.37589,3.31582,-110.3747,-1.93642,-14.97192,20.16777,-27.26938,POM_COL,RED_UNI,PomonaPitzer,D3,Team,20220227-PomonaPitzer-1,da098f70-9809-11ec-a5e6-45aab00a6108,74.50986,,,6.30484,,,,,,,26864660-8567-4b58-9d6c-4215d219f2b0,2022-02-27,20:14:21.62,2022-02-27T12:14:21.6245542-08:00,2022-02-27T20:14:21.6245542Z,,v3,POM_PIT,,,"Brumbaugh, Matthew",1000121383,Right,RED_UNI,baa2aa1a-4758-44d8-a216-65dc462c75f5,55.14969,-111.31168,10.08389,5.43642,-0.66951,-13.63469,-1.73081,4.01141,-7.48596,,,,,,,,,,,,,,,,,,,,,,,,,,,,,,,,,,,,,,,,,,,,,,,,,,,High,High,High,,,,,
32,2022-02-27,12:14:38.12,4,2,"Reiter, Tyler",1000121384,Right,RED_UNI,"Ng, JC",1000115591,Left,POM_COL,Undefined,8,Bottom,2,1,0,Slider,Curveball,InPlay,Undefined,Popup,Out,1,0,,76.52037,0.980321,-0.756664,2019.420621,84.179064,8:45,5.61248,1.6862,4.8303,-49.72062,1.07543,-8.53469,2.39763,0.25837,68.77342,-8.061608,-2.260006,0.512964,49.91895,82.359724,111.671318,,,,,,,,,3.95866,0.6848,-1.60336,50,5.66717,1.81241,-110.71046,0.14598,4.79449,24.21602,-31.34467,POM_COL,RED_UNI,PomonaPitzer,D3,Team,20220227-PomonaPitzer-1,e3e24ff0-9809-11ec-a5e6-45aab00a6108,73.47976,50.20675,,7.74695,,,,,,,26864660-8567-4b58-9d6c-4215d219f2b0,2022-02-27,20:14:38.12,2022-02-27T12:14:38.1265190-08:00,2022-02-27T20:14:38.1265190Z,,v3,POM_PIT,,,"Brumbaugh, Matthew",1000121383,Right,RED_UNI,4180e4a6-b008-4e64-82b7-02bfdb25a2e0,55.66635,-111.94302,12.10801,5.61914,1.74137,-15.67234,-1.6894,1.56838,2.39724,,2.69199,-3.59461,6.558,-2.60153,0.71896,-0.13172,-0.0764,0.12015,-0.0526,16.30743,72.56437,-26.4074,2.94111,-0.36531,-0.08879,0.23521,-0.2407,0.09791,1.30339,9.04605,-11.77299,4.31699,-1.13941,0.18518,0.15827,-0.22625,0.09768,,,,,,,,,,,,,,,,,,,,,,,High,High,High,Low,Low,,,
33,2022-02-27,12:16:42.72,1,1,"Williams, Joe",1000115635,Right,POM_COL,"Nakashima, Esteban",1000121379,Right,RED_UNI,Undefined,9,Top,0,0,0,Fastball,Changeup,BallCalled,Undefined,Undefined,Undefined,0,0,,86.49343,2.243873,-2.237031,2284.830148,251.491799,2:30,3.53897,2.65675,5.57762,-31.52856,6.655,15.99548,3.00995,1.89934,78.146,-3.606636,0.613442,0.444744,,,,,,,,,,,,-8.94028,2.98484,-2.47558,50,3.71154,4.24105,-125.37728,3.82765,-14.07857,27.88009,-27.47368,POM_COL,RED_UNI,PomonaPitzer,D3,Team,20220227-PomonaPitzer-1,2e28e650-980a-11ec-a5e6-45aab00a6108,84.75093,,,8.34742,,,,,,,26864660-8567-4b58-9d6c-4215d219f2b0,2022-02-27,20:16:42.72,2022-02-27T12:16:42.7233574-08:00,2022-02-27T20:16:42.7233574Z,,v3,POM_PIT,,,"Nishi, Ryan",1000115618,Right,POM_COL,fff8a682-0b41-4db8-b73d-813ae60adeeb,54.9229,-126.46725,13.94004,3.54091,4.90172,-13.73684,-2.65215,4.79145,-7.03929,,,,,,,,,,,,,,,,,,,,,,,,,,,,,,,,,,,,,,,,,,,,,,,,,,,High,High,High,,,,,
34,2022-02-27,12:17:01.05,1,2,"Williams, Joe",1000115635,Right,POM_COL,"Nakashima, Esteban",1000121379,Right,RED_UNI,Undefined,9,Top,0,1,0,Fastball,Sinker,BallCalled,Undefined,Undefined,Undefined,0,0,,85.91544,0.763107,-3.750943,2274.348402,273.873343,3:15,3.48623,2.68006,5.70996,-38.51585,-0.03272,19.78655,0.98909,0.82936,77.9934,-6.330621,-0.217654,0.446485,,,,,,,,,,,,-11.19107,0.1311,-2.37817,50,3.52636,7.33364,-124.50405,0.29757,-17.42267,26.90769,-31.96997,POM_COL,RED_UNI,PomonaPitzer,D3,Team,20220227-PomonaPitzer-1,39086870-980a-11ec-a5e6-45aab00a6108,84.42046,,,7.92204,,,,,,,26864660-8567-4b58-9d6c-4215d219f2b0,2022-02-27,20:17:01.05,2022-02-27T12:17:01.0569510-08:00,2022-02-27T20:17:01.0569510Z,,v3,POM_PIT,,,"Nishi, Ryan",1000115618,Right,POM_COL,81dfb204-9e2f-4656-9cde-13c14cd94576,54.78982,-125.53495,13.45385,3.4915,1.52242,-15.98499,-2.67193,8.00115,-8.71134,,,,,,,,,,,,,,,,,,,,,,,,,,,,,,,,,,,,,,,,,,,,,,,,,,,High,High,High,,,,,
35,2022-02-27,12:17:17.95,1,3,"Williams, Joe",1000115635,Right,POM_COL,"Nakashima, Esteban",1000121379,Right,RED_UNI,Undefined,9,Top,0,2,0,Fastball,Changeup,BallCalled,Undefined,Undefined,Undefined,0,0,,86.19785,2.874431,-5.338462,2276.499397,247.717218,2:15,3.77193,2.70835,5.66468,-30.97683,7.40611,15.00875,3.8847,-1.03318,78.09698,-2.859512,-2.676242,0.445903,,,,,,,,,,,,-9.07563,3.31815,-2.26542,50,3.99667,10.98709,-124.482,5.2158,-14.21049,25.48168,-26.97855,POM_COL,RED_UNI,PomonaPitzer,D3,Team,20220227-PomonaPitzer-1,431b99e0-980a-11ec-a5e6-45aab00a6108,84.53058,,,8.10088,,,,,,,26864660-8567-4b58-9d6c-4215d219f2b0,2022-02-27,20:17:17.95,2022-02-27T12:17:17.9533606-08:00,2022-02-27T20:17:17.9533606Z,,v3,POM_PIT,,,"Nishi, Ryan",1000115618,Right,POM_COL,650201db-d62b-4cbb-9499-eb29fb8b1193,54.83282,-125.46738,12.74084,3.7748,6.25907,-13.48928,-2.70092,11.53662,-7.10525,,,,,,,,,,,,,,,,,,,,,,,,,,,,,,,,,,,,,,,,,,,,,,,,,,,High,High,High,,,,,
36,2022-02-27,12:17:37.26,1,4,"Williams, Joe",1000115635,Right,POM_COL,"Nakashima, Esteban",1000121379,Right,RED_UNI,Undefined,9,Top,0,3,0,Fastball,Sinker,StrikeCalled,Undefined,Undefined,Undefined,0,0,,86.83949,0.355042,-3.003486,2226.340666,266.473971,3:00,3.99341,2.47949,6.00663,-35.22911,1.90406,10.93579,1.38705,0.60561,79.04673,-6.175488,-1.038433,0.438584,,,,,,,,,,,,-6.52658,1.22717,-2.24941,50,4.00208,6.16859,-125.9964,-0.4081,-10.42201,27.18608,-30.21442,POM_COL,RED_UNI,PomonaPitzer,D3,Team,20220227-PomonaPitzer-1,4e9f9960-980a-11ec-a5e6-45aab00a6108,85.94126,,,7.79276,,,,,,,26864660-8567-4b58-9d6c-4215d219f2b0,2022-02-27,20:17:37.26,2022-02-27T12:17:37.2695846-08:00,2022-02-27T20:17:37.2695846Z,,v3,POM_PIT,,,"Nishi, Ryan",1000115618,Right,POM_COL,c9d71634-0c0f-4d09-a6e7-52e8dea664ed,54.49228,-126.96199,13.59304,3.99752,0.66505,-15.10721,-2.47508,6.53875,-5.211,,,,,,,,,,,,,,,,,,,,,,,,,,,,,,,,,,,,,,,,,,,,,,,,,,,High,High,High,,,,,
37,2022-02-27,12:17:50.81,1,5,"Williams, Joe",1000115635,Right,POM_COL,"Nakashima, Esteban",1000121379,Right,RED_UNI,Undefined,9,Top,0,3,1,Fastball,Sinker,StrikeSwinging,Undefined,Undefined,Undefined,0,0,,88.37615,1.698684,-4.456254,2336.988967,242.840083,2:00,3.93197,2.47697,6.09688,-28.47183,7.35394,12.03379,3.13566,-0.65013,80.16717,-3.625647,-2.298792,0.430793,,,,,,,,,,,,-7.45764,3.66012,-2.13934,50,4.04828,9.47005,-127.96003,2.87727,-12.31107,27.47693,-26.13189,POM_COL,RED_UNI,PomonaPitzer,D3,Team,20220227-PomonaPitzer-1,56bb1980-980a-11ec-a5e6-45aab00a6108,87.49541,,,8.20898,,,,,,,26864660-8567-4b58-9d6c-4215d219f2b0,2022-02-27,20:17:50.81,2022-02-27T12:17:50.8120870-08:00,2022-02-27T20:17:50.8120870Z,,v3,POM_PIT,,,"Nishi, Ryan",1000115618,Right,POM_COL,9ce5c5a2-6db2-4250-b6f9-b355317ea06c,54.40029,-128.90144,13.73847,3.93437,3.7726,-13.06595,-2.47102,9.89185,-6.15553,,,,,,,,,,,,,,,,,,,,,,,,,,,,,,,,,,,,,,,,,,,,,,,,,,,High,High,High,,,,,
38,2022-02-27,12:18:09.77,1,6,"Williams, Joe",1000115635,Right,POM_COL,"Nakashima, Esteban",1000121379,Right,RED_UNI,Undefined,9,Top,0,3,2,Fastball,Changeup,StrikeCalled,Strikeout,Undefined,Undefined,0,0,,87.39184,0.710499,-2.641253,2209.593293,252.843205,2:30,3.81075,2.61551,5.81765,-32.00561,4.76008,11.61816,1.80495,1.12618,79.74297,-5.217734,-0.56097,0.436408,,,,,,,,,,,,-6.65981,2.59205,-2.40608,50,3.85005,5.3603,-126.823,0.46561,-10.82809,26.35142,-27.95964,POM_COL,RED_UNI,PomonaPitzer,D3,Team,20220227-PomonaPitzer-1,6217e1f0-980a-11ec-a5e6-45aab00a6108,86.36973,,,7.64887,,,,,,,26864660-8567-4b58-9d6c-4215d219f2b0,2022-02-27,20:18:09.77,2022-02-27T12:18:09.7780000-08:00,2022-02-27T20:18:09.7780000Z,,v3,POM_PIT,,,"Nishi, Ryan",1000115618,Right,POM_COL,2ee7a2a3-5961-46ab-aee3-8da00b2eff65,54.68058,-127.79183,13.17571,3.81404,1.49358,-13.97982,-2.61048,5.7584,-5.41404,,,,,,,,,,,,,,,,,,,,,,,,,,,,,66.79514,,,1.021021,,,,3.11041,5.58613,1.54153,75.85446,7.89644,-48.92661,3.17035,75.91685,-4.60384,5.69366,17.13633,-14.61779,1.37062,-56.78968,7.29396,High,High,High,,,High,High,High
39,2022-02-27,12:18:38.23,2,1,"Williams, Joe",1000115635,Right,POM_COL,"Kirkland, Mark",1000055131,Left,RED_UNI,Undefined,9,Top,1,0,0,Fastball,Sinker,StrikeCalled,Undefined,Undefined,Undefined,0,0,,87.35889,0.981995,-2.608007,2197.97113,248.110611,2:15,3.76763,2.54856,5.83437,-30.06443,6.58185,13.56702,2.17605,1.25338,79.90576,-4.596506,-0.178209,0.435699,,,,,,,,,,,,-7.6028,3.4528,-2.34362,50,3.83016,5.20306,-126.8132,1.14836,-12.4064,25.42638,-26.53971,POM_COL,RED_UNI,PomonaPitzer,D3,Team,20220227-PomonaPitzer-1,7309f4d0-980a-11ec-a5e6-45aab00a6108,86.51034,,,7.45313,,,,,,,26864660-8567-4b58-9d6c-4215d219f2b0,2022-02-27,20:18:38.23,2022-02-27T12:18:38.2343974-08:00,2022-02-27T20:18:38.2343974Z,,v3,POM_PIT,,,"Nishi, Ryan",1000115618,Right,POM_COL,732dc134-9fd2-49e8-883d-2e6fe0e2417c,54.66394,-127.74491,12.71319,3.77027,2.12086,-13.26986,-2.54261,5.65767,-6.2032,,,,,,,,,,,,,,,,,,,,,,,,,,,,,,,,,,,,,,,,,,,,,,,,,,,High,High,High,,,,,
40,2022-02-27,12:18:55.53,2,2,"Williams, Joe",1000115635,Right,POM_COL,"Kirkland, Mark",1000055131,Left,RED_UNI,Undefined,9,Top,1,0,1,Fastball,Sinker,BallCalled,Undefined,Undefined,Undefined,0,0,,89.12545,1.12146,-5.325539,2392.334525,252.144655,2:30,3.75442,2.4036,5.88086,-30.3923,5.03658,12.14024,2.26784,-1.54467,81.25764,-4.50565,-3.161966,0.428401,,,,,,,,,,,,-7.81839,2.53256,-1.97996,50,3.8275,11.5337,-128.98736,1.49508,-13.16042,27.04884,-27.91109,POM_COL,RED_UNI,PomonaPitzer,D3,Team,20220227-PomonaPitzer-1,7d3ae770-980a-11ec-a5e6-45aab00a6108,87.98408,,,7.86782,,,,,,,26864660-8567-4b58-9d6c-4215d219f2b0,2022-02-27,20:18:55.53,2022-02-27T12:18:55.5377958-08:00,2022-02-27T20:18:55.5377958Z,,v3,POM_PIT,,,"Nishi, Ryan",1000115618,Right,POM_COL,a5601da1-3eba-46fa-969c-848321bc1b0e,54.62038,-129.95265,13.52442,3.75637,2.49114,-13.95555,-2.39994,12.00336,-6.58021,,,,,,,,,,,,,,,,,,,,,,,,,,,,,,,,,,,,,,,,,,,,,,,,,,,High,High,High,,,,,
41,2022-02-27,12:19:24.00,2,3,"Williams, Joe",1000115635,Right,POM_COL,"Kirkland, Mark",1000055131,Left,RED_UNI,Undefined,9,Top,1,1,1,Fastball,Sinker,BallCalled,Undefined,Undefined,Undefined,0,0,,88.70185,0.68372,-2.474187,2239.448106,278.279301,3:15,3.71497,2.56807,5.7656,-36.88986,-1.08354,15.40269,1.27777,1.54752,80.89864,-6.106548,0.283613,0.430677,,,,,,,,,,,,-8.55371,-0.39622,-2.37265,50,3.74927,4.90147,-128.74683,0.18923,-14.29903,27.74,-32.83639,POM_COL,RED_UNI,PomonaPitzer,D3,Team,20220227-PomonaPitzer-1,8e520e80-980a-11ec-a5e6-45aab00a6108,87.51911,,,7.80321,,,,,,,26864660-8567-4b58-9d6c-4215d219f2b0,2022-02-27,20:19:24.00,2022-02-27T12:19:24.0073510-08:00,2022-02-27T20:19:24.0073510Z,,v3,POM_PIT,,,"Nishi, Ryan",1000115618,Right,POM_COL,8f0810ca-04a3-4164-90bb-62eb86215be2,54.73397,-129.76281,13.87,3.72032,1.39186,-16.4182,-2.56176,5.42517,-7.14951,,,,,,,,,,,,,,,,,,,,,,,,,,,,,,,,,,,,,,,,,,,,,,,,,,,High,High,High,,,,,
42,2022-02-27,12:19:45.04,2,4,"Williams, Joe",1000115635,Right,POM_COL,"Kirkland, Mark",1000055131,Left,RED_UNI,Undefined,9,Top,1,2,1,Fastball,Sinker,StrikeCalled,Undefined,Undefined,Undefined,0,0,,88.46402,2.288373,-2.881776,2215.207191,275.847064,3:15,3.74287,2.56794,5.81661,-36.11585,-0.31504,13.79737,2.86476,1.03602,80.84338,-4.367015,-0.413369,0.430643,,,,,,,,,,,,-7.77741,-0.41209,-2.33992,50,3.90922,5.86597,-128.33284,3.82608,-13.00099,25.96939,-32.8629,POM_COL,RED_UNI,PomonaPitzer,D3,Team,20220227-PomonaPitzer-1,9acb4370-980a-11ec-a5e6-45aab00a6108,87.52589,,,7.62065,,,,,,,26864660-8567-4b58-9d6c-4215d219f2b0,2022-02-27,20:19:45.04,2022-02-27T12:19:45.0447654-08:00,2022-02-27T20:19:45.0447654Z,,v3,POM_PIT,,,"Nishi, Ryan",1000115618,Right,POM_COL,30c35946-ac87-4593-bda4-f9f52d0c33a5,54.68269,-129.27696,12.98469,3.74841,5.0208,-16.43145,-2.56177,6.33863,-6.5005,,,,,,,,,,,,,,,,,,,,,,,,,,,,,,,,,,,,,,,,,,,,,,,,,,,High,High,High,,,,,
43,2022-02-27,12:20:04.81,2,5,"Williams, Joe",1000115635,Right,POM_COL,"Kirkland, Mark",1000055131,Left,RED_UNI,Undefined,9,Top,1,2,2,Slider,Slider,FoulBall,Undefined,Undefined,Undefined,0,0,,79.68186,0.647978,-2.864006,2577.761382,111.421778,9:45,4.1654,2.66957,5.51324,-41.17038,3.33843,-5.15406,1.34123,-0.44026,73.46321,-6.877128,-3.78077,0.480169,,,,,,,,,,,,1.86496,1.85795,-2.41612,50,4.19398,5.98285,-115.64969,-0.05568,2.53535,20.80546,-29.64823,POM_COL,RED_UNI,PomonaPitzer,D3,Team,20220227-PomonaPitzer-1,a69c0360-980a-11ec-a5e6-45aab00a6108,78.49824,,,6.21865,,,,,,,26864660-8567-4b58-9d6c-4215d219f2b0,2022-02-27,20:20:04.81,2022-02-27T12:20:04.8169766-08:00,2022-02-27T20:20:04.8169766Z,,v3,POM_PIT,,,"Nishi, Ryan",1000115618,Right,POM_COL,14987293-4dbc-467f-b632-ec5d47802d20,54.98717,-116.54344,10.40273,4.16902,1.21793,-14.82411,-2.67078,5.87394,1.26767,,,,,,,,,,,,,,,,,,,,,,,,,,,,,,,,,,,,,,,,,,,,,,,,,,,High,High,High,,,,,
44,2022-02-27,12:20:26.53,2,6,"Williams, Joe",1000115635,Right,POM_COL,"Kirkland, Mark",1000055131,Left,RED_UNI,Undefined,9,Top,1,2,2,Fastball,Sinker,BallCalled,Undefined,Undefined,Undefined,0,0,,90.61203,1.625323,-0.657383,2372.155269,243.192286,2:00,3.76046,2.66906,5.64903,-25.39458,9.36138,16.13119,3.16072,3.40014,81.6699,-3.125901,2.223783,0.424313,,,,,,,,,,,,-8.28107,4.59977,-2.62328,50,3.88249,0.7618,-131.36675,2.83399,-14.29017,31.07274,-24.23645,POM_COL,RED_UNI,PomonaPitzer,D3,Team,20220227-PomonaPitzer-1,b3849bf0-980a-11ec-a5e6-45aab00a6108,88.83176,,,8.94213,,,,,,,26864660-8567-4b58-9d6c-4215d219f2b0,2022-02-27,20:20:26.53,2022-02-27T12:20:26.5378598-08:00,2022-02-27T20:20:26.5378598Z,,v3,POM_PIT,,,"Nishi, Ryan",1000115618,Right,POM_COL,78b45f84-0ada-4e2e-a403-2f35884af485,54.84599,-132.50804,15.53637,3.76205,3.72418,-12.11823,-2.6609,1.28668,-7.14509,,,,,,,,,,,,,,,,,,,,,,,,,,,,,,,,,,,,,,,,,,,,,,,,,,,High,High,High,,,,,
45,2022-02-27,12:20:45.63,2,7,"Williams, Joe",1000115635,Right,POM_COL,"Kirkland, Mark",1000055131,Left,RED_UNI,Undefined,9,Top,1,3,2,Fastball,Sinker,InPlay,Undefined,GroundBall,Single,0,0,,88.3951,1.196718,-3.317984,2189.22767,249.685841,2:15,3.72555,2.62388,5.85898,-29.34502,6.85213,15.14713,2.39398,0.80011,79.91064,-4.276691,-0.606869,0.43302,94.85368,-9.832823,4.359358,,,,,15.5071,,-0.812553,0.10252,-8.77686,3.4876,-2.36347,50,3.80576,6.78843,-128.10858,1.68419,-14.44128,28.91661,-26.43565,POM_COL,RED_UNI,PomonaPitzer,D3,Team,20220227-PomonaPitzer-1,bee58310-980a-11ec-a5e6-45aab00a6108,87.0454,2.47098,,8.48446,,,,1.83346,2.47098,-0.95009,26864660-8567-4b58-9d6c-4215d219f2b0,2022-02-27,20:20:45.63,2022-02-27T12:20:45.6384294-08:00,2022-02-27T20:20:45.6384294Z,GroundBall,v3,POM_PIT,,,"Nishi, Ryan",1000115618,Right,POM_COL,7d7d037b-13da-49ef-a514-210c522ebb8b,54.63932,-129.15152,14.4583,3.72782,2.63765,-13.21783,-2.6177,7.30928,-7.22064,102.90736,1.83376,136.63902,-32.03729,,,,,,,2.47089,-23.74673,-3.45444,,,,,,,-0.94935,10.32451,-31.37254,,,,,,,,,,,,,,,,,,,,,,,,,,,,,High,High,High,High,High,,,
46,2022-02-27,12:21:23.20,3,1,"Williams, Joe",1000115635,Right,POM_COL,"Brumbaugh, Matthew",1000121383,Right,RED_UNI,Undefined,9,Top,1,0,0,Slider,Slider,StrikeCalled,Undefined,Undefined,Undefined,0,0,,78.32904,2.108733,-2.644126,2671.882751,107.227024,9:30,4.36017,2.75323,5.18701,-40.64006,6.41307,-15.90997,2.96036,-1.06191,71.54401,-5.32303,-5.451891,0.493703,,,,,,,,,,,,7.13185,3.05579,-2.49517,50,4.52575,5.88956,-113.45526,2.8012,9.26194,21.46504,-28.20555,POM_COL,RED_UNI,PomonaPitzer,D3,Team,20220227-PomonaPitzer-1,d5540130-980a-11ec-a5e6-45aab00a6108,76.34642,,,6.78502,,,,,,,26864660-8567-4b58-9d6c-4215d219f2b0,2022-02-27,20:21:23.20,2022-02-27T12:21:23.2012582-08:00,2022-02-27T20:21:23.2012582Z,,v3,POM_PIT,,,"Nishi, Ryan",1000115618,Right,POM_COL,d6d1d386-0a50-4823-933f-56e56eb0f84d,55.31038,-114.45554,10.73252,4.36459,4.11559,-14.10278,-2.75957,5.45795,4.63097,,,,,,,,,,,,,,,,,,,,,,,,,,,,,,,,,,,,,,,,,,,,,,,,,,,High,High,High,,,,,
47,2022-02-27,12:21:40.30,3,2,"Williams, Joe",1000115635,Right,POM_COL,"Brumbaugh, Matthew",1000121383,Right,RED_UNI,Undefined,9,Top,1,0,1,Fastball,Sinker,FoulBall,Undefined,Undefined,Undefined,0,0,,89.45406,0.527482,-4.525715,2387.39551,240.854616,2:00,3.91932,2.6417,5.85949,-26.36509,8.95587,13.92406,2.21383,-0.4113,81.09079,-4.395536,-2.039363,0.427748,,,,,,,,,,,,-8.40678,4.77859,-2.28186,50,3.947,9.64407,-129.49308,0.30382,-14.19141,28.51066,-24.10734,POM_COL,RED_UNI,PomonaPitzer,D3,Team,20220227-PomonaPitzer-1,df778650-980a-11ec-a5e6-45aab00a6108,88.11841,,,8.36327,,,,,,,26864660-8567-4b58-9d6c-4215d219f2b0,2022-02-27,20:21:40.30,2022-02-27T12:21:40.3018022-08:00,2022-02-27T20:21:40.3018022Z,,v3,POM_PIT,,,"Nishi, Ryan",1000115618,Right,POM_COL,e1001e3d-d053-4aa0-bef4-1130c0cc7876,54.63756,-130.51014,14.25533,3.92083,1.1638,-12.05367,-2.63492,10.15032,-7.09571,,,,,,,,,,,,,,,,,,,,,,,,,,,,,,,,,,,,,,,,,,,,,,,,,,,High,High,High,,,,,
48,2022-02-27,12:22:06.72,3,3,"Williams, Joe",1000115635,Right,POM_COL,"Brumbaugh, Matthew",1000121383,Right,RED_UNI,Undefined,9,Top,1,0,2,Slider,Slider,StrikeSwinging,Strikeout,Undefined,Undefined,0,0,,80.14371,-0.07617,-3.011974,2749.826894,102.362544,9:30,4.17166,2.63968,5.53585,-40.84175,3.1626,-8.47705,0.69689,-0.8846,73.98749,-7.528779,-4.520237,0.477441,,,,,,,,,,,,3.50815,1.97811,-2.37223,50,4.13763,6.44631,-116.30598,-1.51557,4.8191,21.22668,-29.45675,POM_COL,RED_UNI,PomonaPitzer,D3,Team,20220227-PomonaPitzer-1,ef43b6d0-980a-11ec-a5e6-45aab00a6108,78.94688,,,6.15622,,,,,,,26864660-8567-4b58-9d6c-4215d219f2b0,2022-02-27,20:22:06.72,2022-02-27T12:22:06.7260198-08:00,2022-02-27T20:22:06.7260198Z,,v3,POM_PIT,,,"Nishi, Ryan",1000115618,Right,POM_COL,f6982ace-45c9-40d2-aa43-956b68d944dc,54.96437,-117.20851,10.61334,4.17545,-0.2631,-14.72838,-2.64197,6.2414,2.40955,,,,,,,,,,,,,,,,,,,,,,,,,,,,,,,,,,,,,,,,,,,,,,,,,,,High,High,High,,,,,
49,2022-02-27,12:22:40.73,4,1,"Williams, Joe",1000115635,Right,POM_COL,"Advincula, Jonah",1000121382,Left,RED_UNI,Undefined,9,Top,2,0,0,Fastball,Sinker,BallCalled,Undefined,Undefined,Undefined,0,0,,87.99918,0.300216,-1.958756,2282.442978,253.930176,2:30,3.68656,2.68062,5.97205,-30.99265,4.92689,13.23367,1.38233,1.9668,80.56535,-5.452112,0.420167,0.431357,,,,,,,,,,,,-7.3537,2.77839,-2.53294,50,3.69306,3.83087,-127.85299,-0.37903,-12.17607,26.27957,-27.57368,POM_COL,RED_UNI,PomonaPitzer,D3,Team,20220227-PomonaPitzer-1,0377d550-980b-11ec-a5e6-45aab00a6108,87.38106,,,7.43383,,,,,,,26864660-8567-4b58-9d6c-4215d219f2b0,2022-02-27,20:22:40.73,2022-02-27T12:22:40.7300390-08:00,2022-02-27T20:22:40.7300390Z,,v3,POM_PIT,,,"Nishi, Ryan",1000115618,Right,POM_COL,ab035029-04f0-4fd6-abef-c987dd44eba0,54.52744,-128.78023,13.13978,3.68927,0.59386,-13.78684,-2.67569,4.26048,-6.08803,,,,,,,,,,,,,,,,,,,,,,,,,,,,,,,,,,,,,,,,,,,,,,,,,,,High,High,High,,,,,
50,2022-02-27,12:23:03.15,4,2,"Williams, Joe",1000115635,Right,POM_COL,"Advincula, Jonah",1000121382,Left,RED_UNI,Undefined,9,Top,2,1,0,Fastball,Changeup,BallCalled,Undefined,Undefined,Undefined,0,0,,86.69072,2.062286,-2.530753,2213.179902,253.13484,2:30,3.70958,2.77357,5.87593,-31.10313,6.14839,16.43304,3.03572,1.79101,79.02994,-3.718401,0.413715,0.439282,,,,,,,,,,,,-9.03701,2.94693,-2.57812,50,3.85863,4.86608,-125.77641,3.4819,-14.47914,25.46567,-27.45247,POM_COL,RED_UNI,PomonaPitzer,D3,Team,20220227-PomonaPitzer-1,10dc2d90-980b-11ec-a5e6-45aab00a6108,85.80466,,,7.66078,,,,,,,26864660-8567-4b58-9d6c-4215d219f2b0,2022-02-27,20:23:03.15,2022-02-27T12:23:03.1543590-08:00,2022-02-27T20:23:03.1543590Z,,v3,POM_PIT,,,"Nishi, Ryan",1000115618,Right,POM_COL,2e8833e3-f8fb-481a-8753-40a218b978a8,54.62217,-126.70879,12.73284,3.71274,4.48702,-13.72624,-2.76599,5.39621,-7.23957,,,,,,,,,,,,,,,,,,,,,,,,,,,,,,,,,,,,,,,,,,,,,,,,,,,High,High,High,,,,,
51,2022-02-27,12:23:23.04,4,3,"Williams, Joe",1000115635,Right,POM_COL,"Advincula, Jonah",1000121382,Left,RED_UNI,Undefined,9,Top,2,2,0,Fastball,Sinker,StrikeCalled,Undefined,Undefined,Undefined,0,0,,88.16728,1.211834,-2.793575,2298.309872,259.058668,2:45,3.81424,2.69289,5.83557,-32.12927,3.90114,14.36379,2.26466,1.2913,80.5457,-4.735332,-0.22155,0.432022,,,,,,,,,,,,-8.07827,2.01272,-2.47336,50,3.89431,5.6327,-127.9575,1.58324,-13.40236,26.23656,-28.83481,POM_COL,RED_UNI,PomonaPitzer,D3,Team,20220227-PomonaPitzer-1,1caffac0-980b-11ec-a5e6-45aab00a6108,87.24652,,,7.62158,,,,,,,26864660-8567-4b58-9d6c-4215d219f2b0,2022-02-27,20:23:23.04,2022-02-27T12:23:23.0423334-08:00,2022-02-27T20:23:23.0423334Z,,v3,POM_PIT,,,"Nishi, Ryan",1000115618,Right,POM_COL,e89f3aae-f2bd-4f94-86d1-2af9f16d1bbd,54.66327,-128.91012,13.11828,3.81782,2.6302,-14.4174,-2.68671,6.11932,-6.70118,,,,,,,,,,,,,,,,,,,,,,,,,,,,,,,,,,,,,,,,,,,,,,,,,,,High,High,High,,,,,
52,2022-02-27,12:23:42.78,4,4,"Williams, Joe",1000115635,Right,POM_COL,"Advincula, Jonah",1000121382,Left,RED_UNI,Undefined,9,Top,2,2,1,Fastball,Sinker,StrikeCalled,Undefined,Undefined,Undefined,0,0,,88.36914,0.422287,-4.623345,2254.417293,248.77425,2:15,3.91012,2.56748,6.24914,-28.63966,6.70579,14.45391,1.91421,-0.50115,80.88256,-4.925236,-2.023162,0.427896,,,,,,,,,,,,-8.71477,3.70811,-2.22991,50,3.92756,9.77886,-128.11654,0.02975,-14.52873,25.71347,-25.9921,POM_COL,RED_UNI,PomonaPitzer,D3,Team,20220227-PomonaPitzer-1,28771dc0-980b-11ec-a5e6-45aab00a6108,88.0879,,,7.48658,,,,,,,26864660-8567-4b58-9d6c-4215d219f2b0,2022-02-27,20:23:42.78,2022-02-27T12:23:42.7894566-08:00,2022-02-27T20:23:42.7894566Z,,v3,POM_PIT,,,"Nishi, Ryan",1000115618,Right,POM_COL,90a64285-f1bb-43a6-b855-d29624ac1a5c,54.24986,-128.96668,12.85674,3.91237,0.8891,-12.99605,-2.56116,10.25921,-7.26436,,,,,,,,,,,,,,,,,,,,,,,,,,,,,,,,,,,,,,,,,,,,,,,,,,,High,High,High,,,,,
53,2022-02-27,12:24:08.92,4,5,"Williams, Joe",1000115635,Right,POM_COL,"Advincula, Jonah",1000121382,Left,RED_UNI,Undefined,9,Top,2,2,2,Fastball,Sinker,InPlay,Undefined,GroundBall,Single,0,0,,88.24385,0.555179,-2.628507,2173.236061,245.842065,2:15,3.89406,2.48079,5.93195,-27.24616,8.56292,16.59654,2.13919,1.42345,80.63833,-4.525881,0.349663,0.430693,83.27173,4.919725,2.574293,6739.43616,,,,93.58399,,0.484344,0.827249,-9.27375,4.5654,-2.28037,50,3.92297,5.20083,-128.14247,0.3394,-15.42416,26.40962,-24.58087,POM_COL,RED_UNI,PomonaPitzer,D3,Team,20220227-PomonaPitzer-1,38133d90-980b-11ec-a5e6-45aab00a6108,87.51577,3.81146,,7.60552,,,,1.89973,2.13576,-1.43669,26864660-8567-4b58-9d6c-4215d219f2b0,2022-02-27,20:24:08.92,2022-02-27T12:24:08.9259302-08:00,2022-02-27T20:24:08.9259302Z,GroundBall,v3,POM_PIT,,,"Nishi, Ryan",1000115618,Right,POM_COL,3df50919-ca66-482d-accf-547c3d7628da,54.56788,-129.08046,13.20481,3.89542,1.21244,-12.29043,-2.47482,5.74865,-7.71208,,1.94658,120.78835,-12.17351,,,,,,,2.16305,10.0288,-15.32124,,,,,,,-1.41884,5.17028,-3.04436,,,,,,,,,,,,,,,,,,,,,,,,,,,,,High,High,High,High,High,,,
54,2022-02-27,12:25:09.25,5,1,"Williams, Joe",1000115635,Right,POM_COL,"Smyley, Max",1000121381,Right,RED_UNI,Undefined,9,Top,2,0,0,Slider,Slider,BallCalled,Undefined,Undefined,Undefined,0,0,,78.08656,2.081611,-3.198383,2599.435072,100.772288,9:15,4.51245,2.70654,5.44347,-42.94916,4.14201,-13.73154,2.88627,-1.43552,71.13981,-5.797289,-5.631374,0.493902,,,,,,,,,,,,5.91229,1.9513,-2.41407,50,4.66751,6.86332,-113.05479,2.6987,7.595,22.04318,-29.66736,POM_COL,RED_UNI,PomonaPitzer,D3,Team,20220227-PomonaPitzer-1,5c12a230-980b-11ec-a5e6-45aab00a6108,76.31557,,,6.94675,,,,,,,26864660-8567-4b58-9d6c-4215d219f2b0,2022-02-27,20:25:09.25,2022-02-27T12:25:09.2541222-08:00,2022-02-27T20:25:09.2541222Z,,v3,POM_PIT,,,"Nishi, Ryan",1000115618,Right,POM_COL,6d2cf630-6553-469d-88ae-9d3b369a7f76,55.05353,-114.03586,11.02159,4.51802,4.0191,-14.83368,-2.71201,6.52529,3.7975,,,,,,,,,,,,,,,,,,,,,,,,,,,,,,,,,,,,,,,,,,,,,,,,,,,High,High,High,,,,,
55,2022-02-27,12:25:32.49,5,2,"Williams, Joe",1000115635,Right,POM_COL,"Smyley, Max",1000121381,Right,RED_UNI,Undefined,9,Top,2,1,0,Fastball,Changeup,BallCalled,Undefined,Undefined,Undefined,0,0,,86.53472,1.21042,-1.805599,2144.529625,250.783594,2:15,3.9048,2.71812,5.79127,-30.59588,6.99453,16.56528,2.48185,2.41838,78.73108,-4.47818,1.16095,0.441275,,,,,,,,,,,,-8.9026,3.60083,-2.57919,50,3.98632,3.25395,-125.59267,1.61512,-14.16319,26.37684,-26.44545,POM_COL,RED_UNI,PomonaPitzer,D3,Team,20220227-PomonaPitzer-1,69d917a0-980b-11ec-a5e6-45aab00a6108,85.41703,,,7.80363,,,,,,,26864660-8567-4b58-9d6c-4215d219f2b0,2022-02-27,20:25:32.49,2022-02-27T12:25:32.4925734-08:00,2022-02-27T20:25:32.4925734Z,,v3,POM_PIT,,,"Nishi, Ryan",1000115618,Right,POM_COL,e2a25785-0ee1-4395-a07c-698d7af5e7d6,54.70622,-126.57721,13.18842,3.90761,2.60222,-13.22273,-2.71052,3.7826,-7.08159,,,,,,,,,,,,,,,,,,,,,,,,,,,,,,,,,,,,,,,,,,,,,,,,,,,High,High,High,,,,,
56,2022-02-27,12:26:08.57,5,3,"Williams, Joe",1000115635,Right,POM_COL,"Smyley, Max",1000121381,Right,RED_UNI,Undefined,9,Top,2,2,0,Fastball,Sinker,StrikeCalled,Undefined,Undefined,Undefined,0,0,,87.42689,1.512655,-4.671537,2204.412859,249.772911,2:15,3.85924,2.71148,6.0525,-29.60411,6.63319,15.11658,2.79745,-0.36273,80.25717,-3.986578,-1.963896,0.433261,,,,,,,,,,,,-8.94339,3.36662,-2.35543,50,3.96131,9.73975,-126.72731,2.38346,-14.66616,23.85942,-26.65315,POM_COL,RED_UNI,PomonaPitzer,D3,Team,20220227-PomonaPitzer-1,7f5b12e0-980b-11ec-a5e6-45aab00a6108,86.99713,,,7.16972,,,,,,,26864660-8567-4b58-9d6c-4215d219f2b0,2022-02-27,20:26:08.57,2022-02-27T12:26:08.5706022-08:00,2022-02-27T20:26:08.5706022Z,,v3,POM_PIT,,,"Nishi, Ryan",1000115618,Right,POM_COL,6ae849fc-87a1-46ae-9d39-c7cd24bb3639,54.44714,-127.56184,11.92971,3.86164,3.31571,-13.32658,-2.70507,10.25273,-7.33308,,,,,,,,,,,,,,,,,,,,,,,,,,,,,,,,,,,,,,,,,,,,,,,,,,,High,High,High,,,,,
57,2022-02-27,12:26:34.41,5,4,"Williams, Joe",1000115635,Right,POM_COL,"Smyley, Max",1000121381,Right,RED_UNI,Undefined,9,Top,2,2,1,Fastball,Four-Seam,BallCalled,Undefined,Undefined,Undefined,0,0,,86.45325,0.288406,-4.054625,2198.837952,271.502638,3:00,3.82135,2.60366,5.76595,-36.90746,0.79591,15.59536,1.01481,0.12343,79.02904,-6.500983,-1.268588,0.441938,,,,,,,,,,,,-9.0978,0.67721,-2.27729,50,3.82282,8.2373,-125.32825,-0.66731,-14.45314,25.60679,-31.09822,POM_COL,RED_UNI,PomonaPitzer,D3,Team,20220227-PomonaPitzer-1,8ed2bac0-980b-11ec-a5e6-45aab00a6108,85.28895,,,7.42421,,,,,,,26864660-8567-4b58-9d6c-4215d219f2b0,2022-02-27,20:26:34.41,2022-02-27T12:26:34.4164134-08:00,2022-02-27T20:26:34.4164134Z,,v3,POM_PIT,,,"Nishi, Ryan",1000115618,Right,POM_COL,4e87ef2e-9ff9-48b7-b128-5d7899c74fe2,54.73407,-126.2918,12.8034,3.82591,0.50287,-15.54911,-2.59749,8.78116,-7.22657,,,,,,,,,,,,,,,,,,,,,,,,,,,,,,,,,,,,,,,,,,,,,,,,,,,High,High,High,,,,,
58,2022-02-27,12:26:56.74,5,5,"Williams, Joe",1000115635,Right,POM_COL,"Smyley, Max",1000121381,Right,RED_UNI,Undefined,9,Top,2,3,1,Fastball,Sinker,InPlay,Undefined,LineDrive,Out,1,0,,86.84119,2.390623,-3.026601,2279.626785,286.679346,3:30,3.86939,2.67409,5.82562,-40.23187,-2.73347,13.32493,2.74353,0.96825,78.69046,-5.02876,-0.64253,0.440735,68.86171,16.105736,-9.679085,1012.613136,108.41287,15.0924,-18.6176,173.7326,,-9.488182,2.072466,-7.7204,-1.76039,-2.43465,50,4.04123,6.09921,-125.85747,3.83199,-12.2841,27.45485,-34.97507,POM_COL,RED_UNI,PomonaPitzer,D3,Team,20220227-PomonaPitzer-1,9c1692b0-980b-11ec-a5e6-45aab00a6108,85.52175,16.06101,,8.15073,,,,1.61078,2.73508,-0.97955,26864660-8567-4b58-9d6c-4215d219f2b0,2022-02-27,20:26:56.74,2022-02-27T12:26:56.7444774-08:00,2022-02-27T20:26:56.7444774Z,LineDrive,v3,POM_PIT,,,"Nishi, Ryan",1000115618,Right,POM_COL,659266ee-1ef5-429a-83c4-b80597342809,54.6739,-126.87295,13.72742,3.87557,5.12561,-17.48754,-2.66864,6.55356,-6.14205,189.491189,1.6108,95.65016,-9.24617,1.70807,-0.17131,-0.13411,0.11152,-0.03844,0.00525,2.73506,28.01912,-15.29099,0.70098,-0.21986,0.18448,-0.10936,0.0365,-0.00497,-0.97955,-16.31399,2.16834,-0.54153,0.11889,-0.01021,-0.00577,0.00277,-0.00042,,,,,,,,,,,,,,,,,,,,,,,High,High,High,High,High,,,
59,2022-02-27,12:28:58.00,1,1,"Reiter, Tyler",1000121384,Right,RED_UNI,"Bedrosian, David",1000115604,Left,POM_COL,Undefined,9,Bottom,0,0,0,Fastball,Changeup,InPlay,Undefined,LineDrive,Double,0,0,,83.98417,-1.39512,-1.719823,1874.678195,214.569384,1:15,5.85044,1.457,5.41939,-22.5471,18.90615,11.86843,2.66383,0.83456,74.79233,-5.678212,0.391387,0.463394,101.43013,15.873246,6.299849,1640.945827,109.43387,25.73114,11.13906,313.89413,,7.41833,2.904571,-6.60461,10.47942,-1.31293,50,5.71167,3.14077,-121.48245,-3.64267,-9.58978,30.0911,-16.95813,POM_COL,RED_UNI,PomonaPitzer,D3,Team,20220227-PomonaPitzer-1,e4613200-980b-11ec-a5e6-45aab00a6108,81.3399,29.62815,,9.19184,,,,2.12453,2.77175,-0.81538,26864660-8567-4b58-9d6c-4215d219f2b0,2022-02-27,20:28:58.00,2022-02-27T12:28:58.0049702-08:00,2022-02-27T20:28:58.0049702Z,LineDrive,v3,POM_PIT,,,"Brumbaugh, Matthew",1000121383,Right,RED_UNI,05af2504-121d-4503-87cf-a677e9008a94,55.07505,-122.7331,15.04555,5.84842,-2.93786,-8.47907,-1.45175,3.53934,-4.79489,173.751112,2.12465,142.22086,-19.07602,3.65126,-0.53808,-0.02965,0.04516,-0.01258,0.00134,2.77165,40.69372,-16.5718,1.09212,-0.30316,0.15816,-0.06107,0.01419,-0.0014,-0.81524,15.69417,-2.60025,1.35796,-0.26188,-0.01018,0.0162,-0.00324,0.00021,,,,,,,,,,,,,,,,,,,,,,,High,High,High,High,High,,,
60,2022-02-27,12:31:50.72,2,1,"Reiter, Tyler",1000121384,Right,RED_UNI,"Kim, Isaac",1000115624,Right,POM_COL,Undefined,9,Bottom,0,0,0,Fastball,Changeup,BallCalled,Undefined,Undefined,Undefined,0,0,,82.94295,0.80541,1.003949,1873.651568,245.110614,2:15,5.81277,1.67324,5.24406,-31.98852,10.16075,18.73521,3.90414,4.1781,75.01084,-5.106566,4.322915,0.467268,,,,,,,,,,,,-9.01697,5.25177,-1.77987,50,5.86349,-2.91341,-120.20397,0.58525,-13.01018,26.31009,-24.59647,POM_COL,RED_UNI,PomonaPitzer,D3,Team,20220227-PomonaPitzer-1,4b584bb0-980c-11ec-a5e6-45aab00a6108,80.66548,,,7.93211,,,,,,,26864660-8567-4b58-9d6c-4215d219f2b0,2022-02-27,20:31:50.72,2022-02-27T12:31:50.7281702-08:00,2022-02-27T20:31:50.7281702Z,,v3,POM_PIT,,,"Brumbaugh, Matthew",1000121383,Right,RED_UNI,13f6446f-8a90-4633-8fcc-7ec8d1facece,55.25249,-121.34818,13.15505,5.81478,1.65493,-12.29823,-1.66547,-2.34761,-6.50509,,,,,,,,,,,,,,,,,,,,,,,,,,,,,,,,,,,,,,,,,,,,,,,,,,,High,High,High,,,,,
61,2022-02-27,12:33:29.76,2,2,"Reiter, Tyler",1000121384,Right,RED_UNI,"Millikan, Caleb",1000115589,Left,POM_COL,Undefined,9,Bottom,0,1,0,Fastball,Four-Seam,InPlay,Undefined,Bunt,Out,1,0,,85.48877,-0.522353,-1.18599,2016.560452,219.219674,1:15,5.96171,1.46171,5.59834,-20.30875,18.96096,14.29501,3.78153,1.54556,76.84957,-4.390738,1.365384,0.451025,,,,,,,,,,,,-7.67319,10.19926,-1.36983,50,5.90434,1.96656,-123.92731,-1.73369,-11.71982,28.89286,-16.59598,POM_COL,RED_UNI,PomonaPitzer,D3,Team,20220227-PomonaPitzer-1,866cf5c0-980c-11ec-a5e6-45aab00a6108,83.57069,,,8.6392,,,,,,,26864660-8567-4b58-9d6c-4215d219f2b0,2022-02-27,20:33:29.76,2022-02-27T12:33:29.7630502-08:00,2022-02-27T20:33:29.7630502Z,,v3,POM_PIT,,,"Brumbaugh, Matthew",1000121383,Right,RED_UNI,c2bcce72-8180-40a7-b0b9-96c74f24d421,54.89861,-125.06417,14.44643,5.95971,-1.08068,-8.29799,-1.45629,2.42771,-5.85991,,,,,,,,,,,,,,,,,,,,,,,,,,,,,,,,,,,,,,,,,,,,,,,,,,,High,High,High,,,,,
62,2022-02-27,12:34:05.93,3,1,"Reiter, Tyler",1000121384,Right,RED_UNI,"Nishi, Ryan",1000115618,Right,POM_COL,Undefined,9,Bottom,1,0,0,Slider,Slider,BallCalled,Undefined,Undefined,Undefined,0,0,,77.7546,-0.274292,-2.568549,2118.121601,124.216635,10:15,5.777,1.37551,4.90801,-42.16758,6.28052,-6.81032,2.00339,-1.62259,70.90274,-7.928859,-3.767438,0.500968,,,,,,,,,,,,2.58358,3.66496,-1.11836,50,5.71526,5.33153,-112.57908,-2.01483,3.28567,22.16869,-27.51315,POM_COL,RED_UNI,PomonaPitzer,D3,Team,20220227-PomonaPitzer-1,9beaf960-980c-11ec-a5e6-45aab00a6108,75.23926,,,6.85187,,,,,,,26864660-8567-4b58-9d6c-4215d219f2b0,2022-02-27,20:34:05.93,2022-02-27T12:34:05.9397926-08:00,2022-02-27T20:34:05.9397926Z,,v3,POM_PIT,,,"Brumbaugh, Matthew",1000121383,Right,RED_UNI,af1e167d-1d04-4522-87a2-a1a3320c36f6,55.58877,-113.67428,11.08434,5.78122,-0.65561,-13.75658,-1.37774,5.16921,1.64283,,,,,,,,,,,,,,,,,,,,,,,,,,,,,,,,,,,,,,,,,,,,,,,,,,,High,High,High,,,,,
63,2022-02-27,12:34:51.25,3,2,"Reiter, Tyler",1000121384,Right,RED_UNI,"Nishi, Ryan",1000115618,Right,POM_COL,Undefined,9,Bottom,1,1,0,Slider,Slider,BallCalled,Undefined,Undefined,Undefined,0,0,,77.86328,-1.102208,-2.098517,2155.588982,120.996154,10:00,5.7394,1.43131,5.06122,-42.25144,5.81075,-6.92233,1.17827,-1.12529,71.07425,-8.777709,-3.32242,0.498969,,,,,,,,,,,,2.80343,3.6952,-1.22599,50,5.60131,4.41222,-112.78046,-3.62248,3.57315,22.50398,-27.46426,POM_COL,RED_UNI,PomonaPitzer,D3,Team,20220227-PomonaPitzer-1,b6f2d5c0-980c-11ec-a5e6-45aab00a6108,75.5407,,,6.78903,,,,,,,26864660-8567-4b58-9d6c-4215d219f2b0,2022-02-27,20:34:51.25,2022-02-27T12:34:51.2554790-08:00,2022-02-27T20:34:51.2554790Z,,v3,POM_PIT,,,"Brumbaugh, Matthew",1000121383,Right,RED_UNI,99d9e162-1c10-48a6-b848-eee992684d8c,55.43605,-113.85999,11.25199,5.74349,-2.305,-13.73213,-1.43354,4.24082,1.78657,,,,,,,,,,,,,,,,,,,,,,,,,,,,,,,,,,,,,,,,,,,,,,,,,,,High,High,High,,,,,
64,2022-02-27,12:35:10.73,3,3,"Reiter, Tyler",1000121384,Right,RED_UNI,"Nishi, Ryan",1000115618,Right,POM_COL,Undefined,9,Bottom,1,2,0,Fastball,Changeup,BallCalled,Undefined,Undefined,Undefined,0,0,,84.09175,0.017609,-1.708062,2005.783478,220.845947,1:15,6.02124,1.32925,5.5688,-22.70694,17.86536,14.17497,4.14545,0.9145,75.69186,-4.282482,0.81972,0.458444,,,,,,,,,,,,-7.63764,9.42461,-1.19123,50,6.00825,3.02297,-121.84976,-0.64515,-11.31558,27.19602,-18.21098,POM_COL,RED_UNI,PomonaPitzer,D3,Team,20220227-PomonaPitzer-1,c28972e0-980c-11ec-a5e6-45aab00a6108,82.21823,,,8.39988,,,,,,,26864660-8567-4b58-9d6c-4215d219f2b0,2022-02-27,20:35:10.73,2022-02-27T12:35:10.7320614-08:00,2022-02-27T20:35:10.7320614Z,,v3,POM_PIT,,,"Brumbaugh, Matthew",1000121383,Right,RED_UNI,a1f062b6-7df2-4793-8036-49154072ac70,54.92522,-122.94412,13.59801,6.01947,0.08765,-9.10549,-1.32204,3.47831,-5.65779,,,,,,,,,,,,,,,,,,,,,,,,,,,,,,,,,,,,,,,,,,,,,,,,,,,High,High,High,,,,,
65,2022-02-27,12:35:28.19,3,4,"Reiter, Tyler",1000121384,Right,RED_UNI,"Nishi, Ryan",1000115618,Right,POM_COL,Undefined,9,Bottom,1,3,0,Fastball,Changeup,BallCalled,Walk,Undefined,Undefined,0,0,,84.32387,0.502218,-1.891794,1956.109836,226.553792,1:30,5.75875,1.49466,5.52594,-25.42458,15.1945,14.42839,4.1098,0.92781,75.52866,-4.291189,0.678741,0.458708,,,,,,,,,,,,-7.81418,7.91989,-1.33964,50,5.78597,3.39938,-122.08947,0.26861,-11.56743,28.35201,-20.45012,POM_COL,RED_UNI,PomonaPitzer,D3,Team,20220227-PomonaPitzer-1,ccfd61f0-980c-11ec-a5e6-45aab00a6108,82.17085,,,8.79521,,,,,,,26864660-8567-4b58-9d6c-4215d219f2b0,2022-02-27,20:35:28.19,2022-02-27T12:35:28.1933606-08:00,2022-02-27T20:35:28.1933606Z,,v3,POM_PIT,,,"Brumbaugh, Matthew",1000121383,Right,RED_UNI,16eace7a-7cae-485f-8c0d-97ef5dea6916,54.9669,-123.2375,14.17601,5.75833,1.09668,-10.22506,-1.48677,3.86777,-5.78371,,,,,,,,,,,,,,,,,,,,,,,,,,,,,,,,,,,,,,,,,,,,,,,,,,,High,High,High,,,,,
66,2022-02-27,12:36:55.97,4,1,"Reiter, Tyler",1000121384,Right,RED_UNI,"Deliyannis, Harry",1000115586,Left,POM_COL,Undefined,9,Bottom,1,0,0,Slider,Curveball,BallCalled,Undefined,Undefined,Undefined,0,0,,76.75723,-1.467414,-2.468422,2171.626429,87.560951,9:00,5.83428,1.3851,4.85477,-48.38381,1.29323,-7.88402,0.41168,-1.6099,70.60783,-10.152495,-3.857783,0.507282,,,,,,,,,,,,3.1963,1.47965,-1.13428,50,5.64801,5.10723,-111.1831,-4.55282,3.97415,21.1826,-30.33432,POM_COL,RED_UNI,PomonaPitzer,D3,Team,20220227-PomonaPitzer-1,01488750-980d-11ec-a5e6-45aab00a6108,74.30276,,,6.1494,,,,,,,26864660-8567-4b58-9d6c-4215d219f2b0,2022-02-27,20:36:55.97,2022-02-27T12:36:55.9760678-08:00,2022-02-27T20:36:55.9760678Z,,v3,POM_PIT,,,"Brumbaugh, Matthew",1000121383,Right,RED_UNI,7547c395-4bab-4cca-b029-9ff3f5cf40fe,55.64487,-112.25341,10.5913,5.83933,-3.02009,-15.16716,-1.38727,4.90643,1.98708,,,,,,,,,,,,,,,,,,,,,,,,,,,,,,,,,,,,,,,,,,,,,,,,,,,High,High,High,,,,,
67,2022-02-27,12:37:56.14,4,2,"Reiter, Tyler",1000121384,Right,RED_UNI,"Deliyannis, Harry",1000115586,Left,POM_COL,Undefined,9,Bottom,1,1,0,Slider,Curveball,StrikeSwinging,Undefined,Undefined,Undefined,0,0,,76.49417,-0.97464,-0.867392,2157.16061,99.389717,9:15,5.81334,1.56785,4.90575,-47.0931,3.11567,-8.07122,0.96702,0.07491,69.67725,-9.496169,-2.292936,0.509989,,,,,,,,,,,,3.72103,2.34768,-1.4759,50,5.67888,2.00452,-110.79867,-3.52432,4.56041,22.40258,-29.29681,POM_COL,RED_UNI,PomonaPitzer,D3,Team,20220227-PomonaPitzer-1,2524d390-980d-11ec-a5e6-45aab00a6108,73.90828,,,6.81692,,,,,,,26864660-8567-4b58-9d6c-4215d219f2b0,2022-02-27,20:37:56.14,2022-02-27T12:37:56.1478950-08:00,2022-02-27T20:37:56.1478950Z,,v3,POM_PIT,,,"Brumbaugh, Matthew",1000121383,Right,RED_UNI,af9d2a83-3704-4869-b76a-880be38449d3,55.59146,-111.92351,11.20129,5.81891,-2.05332,-14.64841,-1.5708,1.77554,2.28021,,,,,,,,,,,,,,,,,,,,,,,,,,,,,,,,,,,,,,,,,,,,,,,,,,,High,High,High,,,,,
68,2022-02-27,12:38:17.34,4,3,"Reiter, Tyler",1000121384,Right,RED_UNI,"Deliyannis, Harry",1000115586,Left,POM_COL,Undefined,9,Bottom,1,1,1,Slider,Slider,BallCalled,Undefined,Undefined,Undefined,0,0,,78.78195,-1.883106,-2.902177,2183.796124,107.623134,9:30,5.7527,1.35624,5.27046,-42.63069,4.29949,-8.23811,0.4284,-2.05867,71.70635,-9.63292,-4.363206,0.493058,,,,,,,,,,,,3.2091,3.21028,-1.08439,50,5.54912,6.10408,-113.98955,-5.18971,4.15046,24.28048,-28.02204,POM_COL,RED_UNI,PomonaPitzer,D3,Team,20220227-PomonaPitzer-1,31cd07c0-980d-11ec-a5e6-45aab00a6108,76.44632,,,7.07561,,,,,,,26864660-8567-4b58-9d6c-4215d219f2b0,2022-02-27,20:38:17.34,2022-02-27T12:38:17.3447462-08:00,2022-02-27T20:38:17.3447462Z,,v3,POM_PIT,,,"Brumbaugh, Matthew",1000121383,Right,RED_UNI,d2a9198e-7f15-4615-9e2a-71b7a9027d38,55.22739,-115.09763,12.14024,5.75678,-3.91088,-14.01102,-1.35864,5.91467,2.07523,,,,,,,,,,,,,,,,,,,,,,,,,,,,,,,,,,,,,,,,,,,,,,,,,,,High,High,High,,,,,
69,2022-02-27,12:38:45.98,4,4,"Reiter, Tyler",1000121384,Right,RED_UNI,"Deliyannis, Harry",1000115586,Left,POM_COL,Undefined,9,Bottom,1,2,1,Fastball,Sinker,InPlay,Undefined,GroundBall,FieldersChoice,1,0,,86.06682,-1.655042,-2.93694,2026.320925,226.482017,1:30,5.83899,1.33699,5.72531,-21.14737,17.39304,16.83493,2.53278,0.00208,77.63527,-5.663323,0.071846,0.446817,83.16181,-57.567185,11.963228,,,,,2.42641,,12.251515,0.024419,-9.49249,9.77575,-1.10227,50,5.68795,5.68544,-124.64715,-4.2401,-14.72319,28.36173,-17.0115,POM_COL,RED_UNI,PomonaPitzer,D3,Team,20220227-PomonaPitzer-1,42d588d0-980d-11ec-a5e6-45aab00a6108,84.3577,2.52044,,8.43155,,,,0.80439,2.52044,0.18292,26864660-8567-4b58-9d6c-4215d219f2b0,2022-02-27,20:38:45.98,2022-02-27T12:38:45.9813158-08:00,2022-02-27T20:38:45.9813158Z,GroundBall,v3,POM_PIT,,,"Brumbaugh, Matthew",1000121383,Right,RED_UNI,f5b72302-7742-46ca-bf77-2b6c726f4db3,54.77138,-125.72812,14.18086,5.8372,-3.59172,-8.50575,-1.32966,6.24659,-7.36159,,0.80372,64.16159,,,,,,,,2.52151,-103.21638,,,,,,,,0.18278,13.59493,,,,,,,,,,,,,,,,,,,,,,,,,,,,,,High,High,High,Low,Low,,,
70,2022-02-27,12:39:40.47,5,1,"Reiter, Tyler",1000121384,Right,RED_UNI,"Lo, Kevin",1000115609,Left,POM_COL,Undefined,9,Bottom,2,0,0,Fastball,Sinker,BallCalled,Undefined,Undefined,Undefined,0,0,,86.95313,-1.225706,-1.488405,2079.535433,227.03752,1:30,5.81794,1.51403,5.57984,-21.4293,16.24776,16.05839,2.88689,1.46186,78.9043,-5.256905,1.377299,0.441784,,,,,,,,,,,,-8.50497,8.95465,-1.39646,50,5.69876,2.57039,-126.09926,-3.37699,-13.58791,27.49994,-17.86768,POM_COL,RED_UNI,PomonaPitzer,D3,Team,20220227-PomonaPitzer-1,635319b0-980d-11ec-a5e6-45aab00a6108,85.31869,,,8.04883,,,,,,,26864660-8567-4b58-9d6c-4215d219f2b0,2022-02-27,20:39:40.47,2022-02-27T12:39:40.4752678-08:00,2022-02-27T20:39:40.4752678Z,,v3,POM_PIT,,,"Brumbaugh, Matthew",1000121383,Right,RED_UNI,c5cbab8e-e271-4285-b8e2-a9f55df07b0e,54.91612,-127.16685,13.74997,5.8164,-2.68333,-8.93384,-1.50649,3.09789,-6.79395,,,,,,,,,,,,,,,,,,,,,,,,,,,,,,,,,,,,,,,,,,,,,,,,,,,High,High,High,,,,,
71,2022-02-27,12:39:59.38,5,2,"Reiter, Tyler",1000121384,Right,RED_UNI,"Lo, Kevin",1000115609,Left,POM_COL,Undefined,9,Bottom,2,1,0,ChangeUp,Changeup,InPlay,Undefined,LineDrive,Single,0,1,,77.86606,-0.375452,-3.417266,1990.737237,239.685721,2:00,5.44686,1.76172,5.26757,-33.24955,14.21331,21.58312,2.32275,0.34641,70.97651,-6.515679,0.406361,0.495848,96.90287,12.139581,15.189699,6660.78679,106.16816,16.77883,28.77954,240.8129,,15.250552,2.189656,-11.8517,7.67559,-1.46579,50,5.38834,5.88788,-112.81847,-1.80065,-15.21027,21.33674,-22.32331,POM_COL,RED_UNI,PomonaPitzer,D3,Team,20220227-PomonaPitzer-1,6e9c8130-980d-11ec-a5e6-45aab00a6108,76.01616,17.09306,,6.88956,,,,2.03635,2.4372,-0.34932,26864660-8567-4b58-9d6c-4215d219f2b0,2022-02-27,20:39:59.38,2022-02-27T12:39:59.3876774-08:00,2022-02-27T20:39:59.3876774Z,LineDrive,v3,POM_PIT,,,"Brumbaugh, Matthew",1000121383,Right,RED_UNI,7ba31eb9-7713-4cd2-81b2-a8f7ec0b83f2,55.23166,-113.8036,10.66837,5.44768,-0.76996,-11.16165,-1.75385,6.59015,-7.60513,211.119135,2.03638,134.08892,-17.85075,3.12312,-0.47801,-0.11062,0.11624,-0.03899,0.005,2.43718,29.88937,-16.39675,1.38411,-0.34052,0.18023,-0.08586,0.0251,-0.0031,-0.3493,36.40489,-2.61317,-0.78295,0.42159,-0.19583,0.07806,-0.02066,0.00241,,,,,,,,,,,,,,,,,,,,,,,High,High,High,High,High,,,